count_finding_credential,count_finding_identity,count_finding_financial,count_track_confirmed,count_track_possible,sum_base_severity,max_base_severity,source_diversity,avg_confidence,pdss_score_confirmed,pdss_score_possible,scenario_family,target_delta
4.0,0.0,0.0,4.0,1.0,25.51778737579156,8.0,4.0,0.9754210836063001,40.011258334170655,0.015575316820286567,medium_risk_messy,0.04444365322396599
1.0,0.0,0.0,1.0,4.0,7.99372571923236,5.0,2.0,0.9795542149013333,53.55527884179041,19.312640661491187,medium_risk_messy,-0.8555858272066907
1.0,2.0,2.0,5.0,2.0,13.956118989908987,10.0,2.0,0.6125253169822235,71.73181822719722,16.84569549189997,high_risk_target,0.6433315063525828
11.0,1.0,0.0,12.0,1.0,16.44948388743063,8.0,1.0,0.88453678109946,72.70204442119109,15.803510810624113,high_risk_target,2.91220718353033
1.0,0.0,1.0,2.0,3.0,9.605999819638209,8.0,3.0,0.7888859700647797,39.92694074557947,2.391884918766034,medium_risk_messy,1.945927067511575
2.0,2.0,0.0,4.0,3.0,10.641409874413363,8.0,3.0,0.6812244898939077,86.87290787020558,18.85707141115962,high_risk_target,6.591190927791883
1.0,4.0,0.0,5.0,1.0,7.202595706706582,5.0,2.0,0.6440207698110707,56.77676995469933,4.558703250838834,medium_risk_messy,2.547467240279112
0.0,0.0,0.0,0.0,1.0,4.059542899312162,2.0,3.0,0.6673164168691722,16.022682581263258,4.375284391461404,low_risk_casual,-2.5839053416512403
1.0,0.0,0.0,1.0,2.0,5.187922388827612,5.0,1.0,0.9906459823330611,7.406281885158036,8.220740266364626,low_risk_casual,-2.1601746707049783
0.0,0.0,0.0,0.0,2.0,3.356665861679029,2.0,3.0,0.9212559025519583,14.683582808326891,9.406012688920768,low_risk_casual,-2.482760263288425
5.0,0.0,2.0,7.0,1.0,22.110850213580967,8.0,4.0,0.7546941385202149,75.36279174897842,18.73459977473469,high_risk_target,4.223471202046772
0.0,0.0,0.0,0.0,4.0,5.488630702374704,5.0,4.0,0.8233173814428391,20.873531980352464,17.652726863786793,low_risk_casual,-3.7710247476576972
6.0,0.0,0.0,6.0,4.0,9.821835552880858,8.0,2.0,0.8767580790770773,56.956625655812374,13.039225190052012,medium_risk_messy,1.4690021297600913
1.0,0.0,0.0,1.0,2.0,7.2920815360351,5.0,3.0,0.7001847274422337,22.32511569169687,11.797416951210877,low_risk_casual,-3.908994523922841
7.0,2.0,1.0,10.0,4.0,12.02335510645365,8.0,3.0,0.9854479908357011,88.21375753058743,17.060189109347203,high_risk_target,3.30641256386319
2.0,1.0,1.0,4.0,2.0,15.493043189503972,5.0,1.0,0.9394679179698697,36.2675615284608,2.7324266288405763,medium_risk_messy,-3.0296944493717293
10.0,4.0,1.0,15.0,4.0,9.806754400351632,8.0,3.0,0.6508242050607539,73.96794054397381,10.444865201096087,high_risk_target,3.5693925814800638
2.0,0.0,0.0,2.0,2.0,2.5443119395829132,0.0,3.0,0.7755885682822544,20.985366323015814,1.5691276268453191,low_risk_casual,-0.6408045021306483
0.0,0.0,0.0,0.0,0.0,12.338108158381944,0.0,3.0,0.7000971592658382,12.849434248203233,10.984533294122409,low_risk_casual,-0.10923661982486554
1.0,1.0,0.0,2.0,1.0,12.090909238783567,5.0,1.0,0.7367518666865607,21.901179496854557,1.8359813162688376,low_risk_casual,0.5328137107457498
0.0,2.0,0.0,2.0,2.0,5.24626070635654,5.0,2.0,0.8540374603470575,44.74847625350497,0.9060801954408904,medium_risk_messy,2.882546578132231
11.0,5.0,0.0,16.0,0.0,10.496025058278772,10.0,3.0,0.7346216859554906,66.43767359125123,13.114452707614843,high_risk_target,2.1282756976411212
1.0,1.0,0.0,2.0,2.0,2.705960532693676,0.0,1.0,0.7128138290285226,3.5449448286496876,3.5487908755944564,low_risk_casual,-0.5054127897534764
1.0,0.0,0.0,1.0,5.0,16.64222840433816,5.0,2.0,0.7986244762732311,17.416320370317294,7.792361724384069,low_risk_casual,-0.7792594691330703
1.0,0.0,0.0,1.0,4.0,2.975073318114288,0.0,3.0,0.8409763703604476,27.16145929257791,11.074061046916015,low_risk_casual,-2.6851777364612923
1.0,0.0,0.0,1.0,7.0,6.258849630120752,5.0,1.0,0.9287440237161425,13.245915041201311,14.124844543129925,low_risk_casual,-1.5013709167560896
1.0,0.0,0.0,1.0,5.0,9.506212702273128,2.0,2.0,0.882033745718664,25.894155659670115,4.9744830886057585,low_risk_casual,-3.448667590694199
0.0,0.0,0.0,0.0,3.0,2.555985904524187,0.0,4.0,0.7142848345127443,1.6890982704551205,17.371982563789206,low_risk_casual,-5.751557277127886
5.0,4.0,0.0,9.0,4.0,9.649213629493792,8.0,4.0,0.6231455591030829,66.50427319759474,7.890435972162598,high_risk_target,4.383644093450426
4.0,7.0,4.0,15.0,2.0,12.648811621400666,10.0,2.0,0.9242213323127332,72.54729108871857,19.74552258629889,high_risk_target,3.5251410670464347
1.0,0.0,0.0,1.0,3.0,0.29013481922418105,0.0,2.0,0.8766857588675647,24.87492662119543,10.686925500589261,low_risk_casual,-1.3609248422625706
5.0,2.0,1.0,8.0,0.0,11.447421352525474,8.0,2.0,0.9089273566942557,40.74488154098522,10.403270022239868,medium_risk_messy,0.3865561236987717
1.0,1.0,0.0,2.0,5.0,24.677155521719612,5.0,2.0,0.8359670747418533,4.020456853519222,7.844880901994646,low_risk_casual,-0.22787287950769364
2.0,1.0,0.0,3.0,2.0,5.072934836853488,2.0,2.0,0.8483222737688365,28.485618709729263,6.948268164508285,low_risk_casual,-2.2741556420837057
3.0,1.0,0.0,4.0,3.0,28.080068988165173,10.0,1.0,0.6769156075234684,79.22624234409643,0.8173723253295773,high_risk_target,3.9394847632551184
0.0,0.0,0.0,0.0,1.0,4.003130524784957,2.0,3.0,0.6157248559364396,16.03270511197569,15.988207978180853,low_risk_casual,-3.5857456645246883
1.0,0.0,0.0,1.0,3.0,1.1744951559076662,0.0,3.0,0.9696167036429733,11.318578957262178,4.722330662348087,low_risk_casual,-1.6158192387347015
3.0,3.0,1.0,7.0,1.0,12.150164873305435,8.0,1.0,0.6845792027986178,67.27411510904189,6.5499470435582925,high_risk_target,8.19422544504162
2.0,1.0,0.0,3.0,4.0,7.058272367911554,5.0,4.0,0.8583668965326405,2.6076086426227105,11.415566093378239,low_risk_casual,-4.797135147638283
4.0,1.0,1.0,6.0,1.0,10.536289968712152,8.0,4.0,0.9669582452342127,60.547274442850835,0.10600012795210834,high_risk_target,6.125938473381142
6.0,2.0,1.0,9.0,2.0,11.527151109568893,8.0,3.0,0.792456040741927,67.27229197245241,10.651788651031717,high_risk_target,4.702897189985901
4.0,1.0,0.0,5.0,2.0,18.878035355708988,10.0,4.0,0.7634073171743667,74.19498603155677,18.658761341999092,high_risk_target,4.185079724729469
2.0,2.0,0.0,4.0,2.0,9.34392048726173,8.0,2.0,0.8092261699076477,53.858019355796706,7.176609682470049,medium_risk_messy,-0.5404066373550765
6.0,1.0,0.0,7.0,0.0,19.053083419661046,5.0,3.0,0.8922196547237206,36.87076172774389,13.87435214806677,medium_risk_messy,1.8952338753228182
8.0,0.0,1.0,9.0,1.0,17.36871978605844,8.0,4.0,0.841583148829005,52.6390587558035,10.045766949250602,medium_risk_messy,-2.0372388962089745
2.0,0.0,0.0,2.0,3.0,2.754739857325336,0.0,2.0,0.9789133358447262,7.553971767208583,3.067028062321604,low_risk_casual,3.9523938563099454
0.0,0.0,0.0,0.0,5.0,9.2935107492628,5.0,2.0,0.6275686157468875,7.680465955609867,1.546421309775745,low_risk_casual,-3.254837768754954
5.0,4.0,1.0,10.0,2.0,9.271912368513627,8.0,4.0,0.9650997851516515,87.68880695395455,4.964528855143038,high_risk_target,4.009221514137506
1.0,1.0,0.0,2.0,1.0,5.619822801179697,2.0,1.0,0.984428126987782,17.417650508341303,2.973254555062259,low_risk_casual,-3.59822114165053
0.0,0.0,0.0,0.0,3.0,3.0578521490440793,2.0,1.0,0.7510903789760677,9.298107788058328,16.73129626584666,low_risk_casual,-2.3290713160993923
2.0,1.0,0.0,3.0,0.0,7.0350525930288965,5.0,3.0,0.9784461848534531,46.78920993924653,7.466186325595059,medium_risk_messy,1.6664477552414834
0.0,0.0,0.0,0.0,2.0,1.0914834547940693,0.0,3.0,0.6078842151017456,21.479166865421927,2.082171639691477,low_risk_casual,-4.653078032219518
10.0,1.0,0.0,11.0,1.0,6.001015016451364,5.0,4.0,0.8571702254457012,48.99722324732882,14.078922702770189,medium_risk_messy,0.4545228182691359
3.0,1.0,0.0,4.0,3.0,12.170980883783708,8.0,3.0,0.9578208907576365,43.083795874059504,15.997105118946305,medium_risk_messy,1.4959608681238319
1.0,1.0,0.0,2.0,1.0,20.80312081593617,0.0,2.0,0.9602289204945542,12.076501307909416,13.824437152193088,low_risk_casual,-0.0996430409428648
2.0,0.0,0.0,2.0,0.0,5.754222232744238,5.0,3.0,0.960007456739242,14.923946819396717,17.477801551250305,low_risk_casual,-0.9208551871997146
6.0,0.0,0.0,6.0,0.0,15.369859083863787,8.0,1.0,0.7557182456167906,82.14100849279112,5.773874735413997,high_risk_target,7.68262383940027
4.0,1.0,0.0,5.0,0.0,11.429529780130945,8.0,1.0,0.6618688563532945,34.86041633674754,12.466651018099814,medium_risk_messy,-1.767555577728537
2.0,3.0,3.0,8.0,4.0,11.683412884027984,8.0,4.0,0.8167603789513432,77.70692000607261,17.458916717528165,high_risk_target,6.63339703542714
6.0,1.0,0.0,7.0,2.0,13.977052284464428,8.0,1.0,0.6770396111142521,59.980604986975045,2.3056404249456874,medium_risk_messy,1.2373239194198644
6.0,1.0,0.0,7.0,2.0,9.248160105500531,5.0,4.0,0.8157965169501349,32.308596048876275,15.814463296779271,medium_risk_messy,2.0636890789372697
1.0,0.0,0.0,1.0,0.0,3.025737956524795,2.0,2.0,0.9756270794051585,26.102966217027898,15.975664715473307,low_risk_casual,-4.971120746073944
0.0,0.0,0.0,0.0,5.0,14.689088879868327,8.0,2.0,0.6013385448171916,31.127903196187827,9.34621533075305,medium_risk_messy,1.5723498403784046
2.0,4.0,2.0,8.0,5.0,12.567314127517182,10.0,1.0,0.8598586595969473,72.52742327354785,12.154735897577183,high_risk_target,4.095343668730998
0.0,0.0,0.0,0.0,2.0,0.2979150416638424,0.0,3.0,0.6865296092146214,11.522718344737488,10.365207333527843,low_risk_casual,-0.7371074129321245
3.0,1.0,0.0,4.0,4.0,8.23778043344098,5.0,3.0,0.9822605992919013,46.10923268680241,17.24255234530901,medium_risk_messy,4.9076843482914185
0.0,2.0,0.0,2.0,2.0,2.4225972361777925,2.0,4.0,0.6437875440217815,7.579472818826552,17.889598619361347,low_risk_casual,-1.9134566105114195
4.0,4.0,1.0,9.0,0.0,14.003071220370341,8.0,4.0,0.6634420421172295,50.92414385007851,17.61741518397857,medium_risk_messy,2.0609468408716594
2.0,3.0,2.0,7.0,3.0,13.025687639707751,8.0,4.0,0.9274717681999367,65.79398593761879,2.568974361863827,high_risk_target,7.372774824430576
4.0,0.0,1.0,5.0,0.0,5.388156184227962,5.0,2.0,0.9486147224609505,47.4651138052882,19.469779383547937,medium_risk_messy,-0.47270566784871854
1.0,0.0,0.0,1.0,0.0,1.9549288510861509,0.0,3.0,0.9275142573428374,11.508367812168654,5.050174993767644,low_risk_casual,-0.6434011776159181
3.0,0.0,0.0,3.0,0.0,18.126824877174062,8.0,2.0,0.6604231567123601,50.41497906224139,8.646696020852039,medium_risk_messy,-0.09605906142835337
4.0,0.0,0.0,4.0,1.0,2.158145245477775,2.0,1.0,0.885969616080899,9.622282213143823,11.255005726867653,low_risk_casual,3.03109241574845
2.0,2.0,1.0,5.0,3.0,10.668718745581693,10.0,4.0,0.6990159822413501,87.35508104879733,11.168253451663958,high_risk_target,1.6871725890496871
0.0,1.0,0.0,1.0,2.0,10.704311298172465,5.0,2.0,0.7919755338868494,17.707918166568675,12.000410962386074,low_risk_casual,0.04704304493132039
4.0,0.0,0.0,4.0,3.0,5.049094476922816,5.0,4.0,0.6289665088585366,17.127135055324928,10.684844119528902,low_risk_casual,-4.18725789212679
0.0,0.0,0.0,0.0,2.0,7.907697300419646,2.0,3.0,0.6800600976979241,2.3573549146506223,3.349651645181395,low_risk_casual,-1.4489788753034938
7.0,2.0,1.0,10.0,3.0,8.425774499444781,8.0,2.0,0.8373114593240715,47.9242758789579,13.005883717469079,medium_risk_messy,-1.597090631212365
1.0,1.0,0.0,2.0,1.0,5.881732480258414,5.0,2.0,0.8876807113089056,5.463537470660978,4.5690948266259745,low_risk_casual,-4.255654441002612
2.0,1.0,1.0,4.0,1.0,26.97031945758252,5.0,4.0,0.8173202093453154,55.38735876057148,10.279917356174499,medium_risk_messy,1.1285547760534727
1.0,0.0,0.0,1.0,4.0,4.421301080715246,2.0,2.0,0.8526240880370082,26.202697142449818,14.66226044830562,low_risk_casual,-1.196748989017053
4.0,3.0,1.0,8.0,2.0,19.759157113523962,10.0,1.0,0.730076025689878,77.78852554304783,15.469462513732013,high_risk_target,3.6287794378363847
0.0,0.0,0.0,0.0,1.0,4.054925399025834,2.0,2.0,0.6583026272979007,26.511290089822577,8.988676704274754,low_risk_casual,-0.8244740294325039
0.0,0.0,0.0,0.0,3.0,2.956281203238169,0.0,3.0,0.9473085122053034,1.1001428080062892,4.1168242007353655,low_risk_casual,-1.7696964019508326
0.0,1.0,0.0,1.0,0.0,2.6511693999155836,2.0,2.0,0.6720041749890894,6.933927372829398,1.7711116844648278,low_risk_casual,-1.6181244984533685
3.0,3.0,1.0,7.0,0.0,9.840340440068903,8.0,4.0,0.9759279167707366,75.96734966478897,14.657978366826836,high_risk_target,3.2108735351724316
3.0,5.0,0.0,8.0,1.0,21.364527536495864,8.0,2.0,0.9674711187974017,84.92631574025117,12.012190850924721,high_risk_target,6.678369735432624
7.0,5.0,2.0,14.0,2.0,14.974083086146443,10.0,2.0,0.7584690766437021,84.53502648525065,13.909344133797244,high_risk_target,8.630745369653813
1.0,0.0,0.0,1.0,1.0,7.144162199905477,2.0,2.0,0.785397617520229,6.8180888178945445,7.595715603584596,low_risk_casual,-1.8817157554551551
4.0,2.0,2.0,8.0,1.0,13.213164632038758,8.0,4.0,0.981864012013323,75.63702397456004,13.093861628626964,high_risk_target,7.2522340520307615
2.0,0.0,0.0,2.0,4.0,14.322787510162058,8.0,2.0,0.7090496002934135,37.703297031615236,8.27098203050703,medium_risk_messy,-0.26853620671502104
3.0,1.0,1.0,5.0,1.0,13.014029917871762,8.0,3.0,0.6010336059379929,32.61116887762976,12.759704115865953,medium_risk_messy,-0.31844775619342036
1.0,0.0,0.0,1.0,4.0,3.7981142941150203,2.0,4.0,0.9290457274054713,18.32942966552975,8.474765072975256,low_risk_casual,-3.346981248487737
5.0,1.0,2.0,8.0,1.0,10.764441347254708,10.0,4.0,0.6545759010226933,66.95841288347927,13.902891080951875,high_risk_target,5.557988324447604
3.0,0.0,1.0,4.0,1.0,8.447754355319539,8.0,1.0,0.8383002912755827,40.11681398266261,8.023758280779653,medium_risk_messy,-2.874333521484585
1.0,0.0,1.0,2.0,2.0,11.051928352111501,8.0,2.0,0.867794782079276,46.20035743813531,19.88278722442335,medium_risk_messy,-2.444475594151128
5.0,4.0,1.0,10.0,3.0,12.548430664572674,10.0,4.0,0.6080105423703298,60.037100392782285,14.743604500144862,high_risk_target,3.493403551322885
4.0,3.0,0.0,7.0,1.0,11.365973168079003,10.0,1.0,0.7222097242632094,67.89337709732528,7.939630341485668,high_risk_target,6.5786312237092
5.0,1.0,0.0,6.0,5.0,5.421906646003747,5.0,1.0,0.609157529990448,46.19197856279828,3.075822993360622,medium_risk_messy,1.424542979011756
6.0,2.0,0.0,8.0,1.0,10.416719974098125,10.0,4.0,0.986328864461288,62.04516928156481,8.64995756660264,high_risk_target,5.240451266868426
2.0,1.0,0.0,3.0,1.0,2.316561044752657,2.0,3.0,0.6767129822367443,0.5306342883977166,4.235107013309567,low_risk_casual,1.2789773188350053
3.0,0.0,0.0,3.0,3.0,9.324032221469924,8.0,4.0,0.7225014483146447,33.0313743303194,12.47791672583277,medium_risk_messy,-0.19858542008331265
4.0,5.0,1.0,10.0,2.0,12.824099683708484,8.0,1.0,0.6048483098575573,60.5757683046917,4.82402915199083,high_risk_target,4.969380301654009
3.0,0.0,0.0,3.0,2.0,10.50830770079289,8.0,2.0,0.7569574886113898,55.93981176421253,19.124443812978967,medium_risk_messy,1.1585829992021768
2.0,1.0,0.0,3.0,4.0,4.4416438471809485,2.0,2.0,0.8546678728668828,7.6401186613815355,12.278671695201236,low_risk_casual,-1.9359917018684667
2.0,0.0,0.0,2.0,0.0,5.36961463434506,5.0,4.0,0.6142283468142193,52.38621772445516,10.17158578895157,medium_risk_messy,-1.506835740692367
9.0,1.0,2.0,12.0,1.0,8.647050445285506,8.0,2.0,0.7042853199679666,66.8352725262933,1.3850861257171987,high_risk_target,4.945683133191848
7.0,1.0,0.0,8.0,0.0,7.357967581764013,5.0,2.0,0.7757619958777808,57.8425092097815,12.25879164989051,medium_risk_messy,1.1486168816769682
4.0,4.0,1.0,9.0,4.0,13.937585120961023,10.0,3.0,0.70773251932081,66.63190114361186,10.791124409910102,high_risk_target,3.919693223251498
2.0,0.0,0.0,2.0,4.0,0.8218347778072013,0.0,2.0,0.9493291663443231,25.221090840336,12.725827079584962,low_risk_casual,-1.3718940648002813
0.0,0.0,0.0,0.0,3.0,10.593677102732965,0.0,2.0,0.6816142538515595,0.2799485948127989,11.101698986045726,low_risk_casual,-0.560325418257219
6.0,0.0,1.0,7.0,1.0,18.463678060883197,8.0,1.0,0.6498856227645562,50.351364685654254,7.707517660947236,medium_risk_messy,2.8930078718931553
5.0,3.0,1.0,9.0,0.0,11.277292730132586,10.0,4.0,0.8242640377664684,79.26976577715682,12.069753331929096,high_risk_target,7.048125051622925
0.0,0.0,1.0,1.0,4.0,8.797631921134414,8.0,3.0,0.894202242595015,50.8624694498416,4.717151982873742,medium_risk_messy,1.1850538984023662
6.0,2.0,0.0,8.0,3.0,24.472564783622484,5.0,3.0,0.6104786834128259,55.19406856906852,0.4838352778271049,medium_risk_messy,-1.0555537284918786
2.0,1.0,0.0,3.0,4.0,0.255635108336767,0.0,3.0,0.7985844609421199,11.307424942091158,8.737014052303591,low_risk_casual,-0.4571220161683518
0.0,0.0,0.0,0.0,3.0,0.29373513412418734,0.0,2.0,0.6145150490454009,6.756711068054693,5.514397061911045,low_risk_casual,-0.22733960787682084
4.0,1.0,0.0,5.0,1.0,15.388929183321862,8.0,2.0,0.959933338274909,87.19312360033233,0.43646793550979,high_risk_target,3.6146768843397945
3.0,1.0,2.0,6.0,1.0,9.845897891295463,8.0,1.0,0.8434109090785866,49.62523804422223,6.990127441736376,medium_risk_messy,-1.4691831535960984
4.0,2.0,1.0,7.0,2.0,13.52852195130109,8.0,2.0,0.9447947633617089,55.40756184265679,9.203245289768793,medium_risk_messy,-1.620504874028762
1.0,2.0,0.0,3.0,3.0,15.014307818708616,8.0,3.0,0.681952509660285,53.588345981520995,17.556601563040818,medium_risk_messy,-0.5836225378310882
5.0,4.0,0.0,9.0,1.0,9.69233683444527,8.0,4.0,0.9029927539157669,73.23216474752351,5.528833811667921,high_risk_target,1.873618382606686
4.0,1.0,1.0,6.0,2.0,6.018082501337858,5.0,1.0,0.8930540938803331,56.91559022893857,16.407550148979468,medium_risk_messy,2.006996907105729
8.0,3.0,0.0,11.0,0.0,16.656854034257726,8.0,2.0,0.6317626338572118,76.79267050915148,14.629929806807247,high_risk_target,3.744166954803835
0.0,0.0,0.0,0.0,2.0,10.619669529794812,2.0,4.0,0.7256243179970928,27.546239988683258,5.086439623566335,low_risk_casual,-1.731629651644561
4.0,1.0,1.0,6.0,4.0,10.158049861841452,10.0,1.0,0.8704710248301736,79.53442754645022,6.50208030863398,high_risk_target,5.225575725258187
2.0,1.0,1.0,4.0,1.0,15.20175294994058,8.0,1.0,0.8612651162125131,45.37964259435159,18.766096368969652,medium_risk_messy,0.7012601985471184
2.0,1.0,0.0,3.0,3.0,26.818085801761693,8.0,2.0,0.7916280252413405,41.69278162279476,0.36000177890429974,medium_risk_messy,0.978374260295327
7.0,4.0,1.0,12.0,0.0,9.527979752313767,8.0,1.0,0.6049616145109259,81.11057932382387,9.375359309290117,high_risk_target,6.5998838038841
3.0,2.0,0.0,5.0,0.0,6.368962700171594,5.0,1.0,0.7141161353429266,59.67085075050522,8.583651867927138,medium_risk_messy,-3.232621216873176
3.0,2.0,0.0,5.0,1.0,23.597922868541662,8.0,4.0,0.8069785407020165,57.28880458309777,8.608548206419805,medium_risk_messy,-1.3081513662548476
1.0,0.0,0.0,1.0,2.0,11.590927984512069,8.0,4.0,0.6936737787261943,58.443249605143265,15.73500670308874,medium_risk_messy,-3.661265793712914
6.0,0.0,0.0,6.0,2.0,10.993416809161738,8.0,1.0,0.792816423244833,44.17480065019541,3.9219542547678587,medium_risk_messy,-3.0094407480620045
1.0,0.0,0.0,1.0,2.0,7.886060265394972,5.0,4.0,0.8050670903825665,6.572064273055734,5.869776464162433,low_risk_casual,-0.4798880726207948
7.0,1.0,2.0,10.0,4.0,16.680404969388555,8.0,3.0,0.9816132510340162,71.69617058824632,14.427869022125765,high_risk_target,6.621407310699987
2.0,0.0,0.0,2.0,0.0,6.535682783160306,2.0,4.0,0.9004712191233673,13.68709526866626,1.4201532906651093,low_risk_casual,-0.9296530579018021
8.0,1.0,0.0,9.0,1.0,11.817499229464234,8.0,4.0,0.9280050516477424,79.13631277990902,13.897647473519184,high_risk_target,0.09518615313547496
1.0,0.0,0.0,1.0,1.0,7.450154908009761,5.0,3.0,0.7719724309560593,40.29502059517975,13.459332447888649,medium_risk_messy,3.1159376983058484
4.0,1.0,1.0,6.0,3.0,10.3464425212039,8.0,4.0,0.6662513388113062,56.68956099052699,12.914810201912246,medium_risk_messy,-0.3089310377359522
4.0,3.0,0.0,7.0,0.0,8.915767912988999,8.0,2.0,0.7942358798637591,89.64107898466776,0.5507343973893097,high_risk_target,5.861145344188098
2.0,0.0,1.0,3.0,2.0,19.517086346607716,8.0,1.0,0.7481587945101226,41.86302803978743,7.496071355635927,medium_risk_messy,-5.247576471098531
7.0,2.0,2.0,11.0,1.0,13.54075961509798,10.0,3.0,0.7080990768523133,69.06999748054481,19.328347717328146,high_risk_target,2.558659900636174
4.0,1.0,1.0,6.0,2.0,10.513772608450985,8.0,4.0,0.9410231127606214,39.014681568012975,14.217694333646381,medium_risk_messy,3.3288805078964203
4.0,4.0,2.0,10.0,2.0,12.135812868867454,8.0,3.0,0.7546162027292111,85.90642567543635,10.225509244015022,high_risk_target,8.123812849532213
0.0,2.0,0.0,2.0,3.0,5.578537139098822,5.0,4.0,0.6012671394322807,13.303675091457123,12.803966231192476,low_risk_casual,-4.046455532286596
5.0,1.0,1.0,7.0,3.0,11.760009264106492,8.0,2.0,0.6035453140453876,34.03305388224366,19.956417113639564,medium_risk_messy,-1.5888521069373613
2.0,4.0,3.0,9.0,2.0,15.814256099615859,10.0,3.0,0.6264039376560966,78.40812342712375,6.976410679389586,high_risk_target,5.213574386948347
1.0,0.0,0.0,1.0,0.0,5.4719824838569675,2.0,2.0,0.6968924871298268,26.06832756837435,9.565197683904469,low_risk_casual,-2.269537158230238
3.0,5.0,1.0,9.0,0.0,9.207989406883645,8.0,3.0,0.8591269783962113,79.21428126527532,2.4584135693077513,high_risk_target,5.015928565294661
7.0,2.0,2.0,11.0,0.0,14.965287867379612,10.0,3.0,0.708618818964497,64.75872433579134,8.048932748673378,high_risk_target,7.007419047621355
0.0,0.0,0.0,0.0,1.0,11.142277821073932,2.0,1.0,0.7361482985223051,1.4055572558280938,18.80897011472345,low_risk_casual,-2.338898474966735
1.0,2.0,0.0,3.0,0.0,10.80806822329994,5.0,2.0,0.8258516203989053,27.29829431563176,18.60341930876849,low_risk_casual,-1.7008050438528923
1.0,0.0,0.0,1.0,1.0,0.6940157551863336,0.0,4.0,0.8810162006139228,21.39138151902956,5.9610441727888634,low_risk_casual,-1.5933941128618503
0.0,0.0,0.0,0.0,1.0,5.031407422447406,0.0,3.0,0.7479253023948707,28.703994464528584,1.047100403749448,low_risk_casual,-2.569366071345167
0.0,0.0,0.0,0.0,2.0,12.607852696511799,2.0,1.0,0.9184962382251417,12.473925020623504,15.080460698567645,low_risk_casual,-2.1968779723112646
3.0,1.0,0.0,4.0,1.0,5.5911718817835565,5.0,2.0,0.817522291146495,32.560240094529746,1.9973364227235635,medium_risk_messy,-0.8679322841456217
1.0,1.0,0.0,2.0,3.0,14.452312483719815,8.0,1.0,0.9853996963550353,72.40928024755905,10.380645602590974,high_risk_target,2.6383743693823103
1.0,2.0,0.0,3.0,1.0,6.735806079258283,5.0,1.0,0.8956106231151835,41.032009524153295,4.465267710103927,medium_risk_messy,2.228643389337744
1.0,0.0,0.0,1.0,5.0,6.160258797818681,5.0,3.0,0.721166291533277,19.393762249137914,1.3138971790873155,low_risk_casual,-3.486268529535968
1.0,0.0,0.0,1.0,1.0,5.262805576530764,0.0,3.0,0.9851073401012824,28.733694029646117,1.5121008123350155,low_risk_casual,-3.594005607164364
0.0,1.0,0.0,1.0,2.0,8.333316729073271,0.0,4.0,0.9625683855657747,26.8822533538372,3.277620475609644,low_risk_casual,0.2457279074676153
5.0,0.0,0.0,5.0,0.0,7.686208948716412,5.0,2.0,0.811863889578248,48.92765370687491,4.837865882257784,medium_risk_messy,1.0350875516245421
5.0,0.0,0.0,5.0,1.0,6.1734590412451205,5.0,3.0,0.8697395916093875,13.7579383054152,2.7399812610734275,low_risk_casual,-1.9796498585171391
2.0,5.0,0.0,7.0,1.0,5.071458454118242,5.0,4.0,0.9170380465153534,47.806828061363575,18.15797587559239,medium_risk_messy,0.36988456574881845
8.0,8.0,2.0,18.0,2.0,12.799221753900893,10.0,1.0,0.7611057593849008,84.2423784706749,17.89285595155269,high_risk_target,4.985599908419327
1.0,0.0,0.0,1.0,0.0,7.93822151835343,5.0,2.0,0.7428484637202011,22.62794920041068,15.750981717175584,low_risk_casual,-0.7699396124553617
1.0,1.0,0.0,2.0,1.0,9.157165683688937,0.0,1.0,0.6155719853302669,5.7477883720447736,0.7203763658285278,low_risk_casual,-1.5721922635970367
0.0,0.0,0.0,0.0,2.0,5.776340229411082,5.0,3.0,0.9576377210133002,21.574796908337067,18.92913026300811,low_risk_casual,-2.3788273419630994
1.0,0.0,0.0,1.0,1.0,2.014078347864592,0.0,3.0,0.6131238496514434,14.926195564383066,12.720849375599366,low_risk_casual,-4.811509461305912
4.0,2.0,0.0,6.0,0.0,6.712657138037485,5.0,1.0,0.6150284361595629,56.27649250551171,2.557336024448351,medium_risk_messy,-1.862535159432529
4.0,1.0,0.0,5.0,0.0,16.534547855373436,10.0,4.0,0.724033815337102,73.1244577982463,14.634494731284258,high_risk_target,2.832378300026328
1.0,0.0,0.0,1.0,1.0,7.054635430827455,5.0,3.0,0.9226774078778957,21.378639992955385,19.697168055249517,low_risk_casual,1.6266824104910977
4.0,5.0,0.0,9.0,1.0,14.105944885346279,10.0,1.0,0.8055417856827071,78.04661637899471,10.177811111821118,high_risk_target,6.2134461182723655
9.0,5.0,2.0,16.0,3.0,15.62023067728503,8.0,3.0,0.6045671933816295,71.41553129609683,14.073995592581019,high_risk_target,4.633606762559224
6.0,3.0,3.0,12.0,1.0,9.712772202638604,8.0,4.0,0.9265643139860122,86.38023060529585,10.030309229594677,high_risk_target,4.589703542004264
3.0,1.0,0.0,4.0,1.0,18.666411743682296,5.0,1.0,0.8930796202361122,38.628981871310344,8.090547711477393,medium_risk_messy,-0.9408177850628423
3.0,1.0,0.0,4.0,3.0,10.709293227554461,8.0,2.0,0.8404410782497314,71.44323124239935,19.807235639967438,high_risk_target,5.84894618849582
1.0,0.0,0.0,1.0,3.0,6.3635614603220665,2.0,1.0,0.7386096671810873,5.380940460366314,7.952247571057411,low_risk_casual,-2.336186931930489
6.0,1.0,1.0,8.0,3.0,8.076130069424456,8.0,3.0,0.7493039257851035,42.911242490723794,11.273199420575244,medium_risk_messy,3.8973419154429716
5.0,4.0,2.0,11.0,4.0,14.468136727247696,8.0,2.0,0.6754162422997004,72.24455072600094,13.449209960500577,high_risk_target,3.8829705158122256
1.0,1.0,2.0,4.0,3.0,11.95794692481991,8.0,1.0,0.6968088319923509,67.76134926466322,14.281054467562535,high_risk_target,5.71836609838416
0.0,0.0,0.0,0.0,0.0,11.071130276710678,8.0,3.0,0.686137752553021,32.31435505618746,11.941915403734395,medium_risk_messy,1.1358834861502636
5.0,3.0,1.0,9.0,3.0,10.297882267765736,8.0,2.0,0.9439295341565104,83.12227592716656,0.700158296136113,high_risk_target,4.159209755276746
6.0,3.0,0.0,9.0,1.0,9.178797427488142,8.0,1.0,0.9057762912302018,75.07893727890391,8.193421067519854,high_risk_target,7.725234053226735
9.0,1.0,2.0,12.0,3.0,20.254755242514165,8.0,4.0,0.9145430932245926,67.64646746744647,12.64433195507898,high_risk_target,2.1797179900393533
0.0,1.0,0.0,1.0,2.0,14.097967581497205,5.0,3.0,0.7847373925100442,24.86613828758876,8.290321296335845,low_risk_casual,-3.561080196458651
3.0,1.0,0.0,4.0,3.0,11.897553220987689,8.0,2.0,0.6076515865749148,34.958534704288724,3.314963539304414,medium_risk_messy,-0.5620392945431713
4.0,1.0,0.0,5.0,4.0,13.892490635099081,10.0,2.0,0.7647458961669984,70.07021499117178,15.07189261491506,high_risk_target,5.849932232495091
1.0,1.0,0.0,2.0,5.0,0.6068045995260698,0.0,2.0,0.9582699110475115,15.975121992479455,4.086327667979406,low_risk_casual,-7.369576094234985
2.0,0.0,0.0,2.0,2.0,11.426703629946992,5.0,4.0,0.9010553176287344,26.568592927253196,9.301104966012888,low_risk_casual,-1.4808528770395581
8.0,1.0,2.0,11.0,1.0,16.794982596297487,10.0,3.0,0.6266258911656891,62.009208360758144,12.966360149041911,high_risk_target,4.612101199114693
1.0,1.0,0.0,2.0,1.0,5.355942531313225,5.0,2.0,0.7497921599872068,13.391606707895843,7.3896386806276055,low_risk_casual,-3.3266086435490347
2.0,0.0,1.0,3.0,0.0,8.547281017376182,8.0,4.0,0.6265853303105088,30.159404270050377,15.330300990651693,medium_risk_messy,2.7931937831625278
0.0,1.0,0.0,1.0,2.0,6.084410972304184,5.0,4.0,0.7563020609318548,0.43884776633027145,3.1735774737936984,low_risk_casual,-1.1707040297904348
6.0,1.0,0.0,7.0,1.0,7.765629340582181,5.0,4.0,0.8897377625318159,47.65514805476967,14.915067581522521,medium_risk_messy,4.154759991182487
8.0,2.0,1.0,11.0,0.0,17.498222061597602,10.0,3.0,0.9112100972578613,77.85909797782467,15.217026618615634,high_risk_target,7.842565965904999
6.0,7.0,2.0,15.0,2.0,10.348122036286506,10.0,4.0,0.9306608229842561,80.00315729351692,18.061874557530764,high_risk_target,9.898919597916201
0.0,3.0,0.0,3.0,1.0,7.227109981674551,0.0,2.0,0.8824634008476215,0.41095651226743635,6.179119801363053,low_risk_casual,-4.3526065138465375
8.0,1.0,0.0,9.0,2.0,9.81857678975248,5.0,3.0,0.6846543594279445,36.866263874504966,19.912622189977668,medium_risk_messy,1.2510160336620715
3.0,1.0,0.0,4.0,0.0,5.167729710613942,0.0,1.0,0.8594555827075262,27.751415260290436,5.505764269037203,low_risk_casual,-0.22953703402201797
4.0,1.0,1.0,6.0,6.0,7.569879569372203,5.0,1.0,0.8337999182123161,50.56186030338017,16.675839018376546,medium_risk_messy,-1.2946308166600744
2.0,0.0,0.0,2.0,2.0,12.541320408485623,8.0,4.0,0.9451987325435488,32.53696134291714,17.721868706264164,medium_risk_messy,0.43798504666798493
4.0,3.0,1.0,8.0,2.0,16.12317378355158,5.0,1.0,0.6340413944479141,40.05837150234887,7.711951850266667,medium_risk_messy,-0.3535483262315642
5.0,1.0,0.0,6.0,1.0,10.69446572423461,10.0,3.0,0.7462382804015867,66.21818937203003,7.073933731614678,high_risk_target,1.9027634022725066
0.0,0.0,0.0,0.0,1.0,26.610908619379096,5.0,4.0,0.6330947342472759,24.27070920875029,9.690759901600217,low_risk_casual,-0.8537443735175998
3.0,3.0,1.0,7.0,1.0,11.058088570960107,10.0,1.0,0.8297150300360844,84.67143633556063,13.344246743883621,high_risk_target,1.4282670161317776
1.0,0.0,0.0,1.0,2.0,3.69868033300372,0.0,1.0,0.8966565807344169,25.203242353175995,9.851381415065951,low_risk_casual,0.4937834310694389
2.0,1.0,0.0,3.0,2.0,9.329348380491144,5.0,2.0,0.947842432989911,57.098940431271316,8.055516664657997,medium_risk_messy,-0.12400801873206349
3.0,1.0,1.0,5.0,4.0,10.346405398774158,8.0,3.0,0.9755579840165101,42.196703514243126,17.879704100939215,medium_risk_messy,2.476475881292864
1.0,1.0,0.0,2.0,4.0,2.2749979443238297,2.0,4.0,0.900106305575537,6.546226036565167,3.040971348489836,low_risk_casual,-3.753985189021104
1.0,0.0,0.0,1.0,0.0,6.722750267019295,5.0,4.0,0.96980898749276,7.1125412555202026,15.716252909367462,low_risk_casual,-0.5156943912470859
5.0,1.0,0.0,6.0,2.0,8.158663162875595,5.0,4.0,0.8005102578502917,36.133451173928194,1.0048601964596426,medium_risk_messy,1.9976332895563016
4.0,2.0,1.0,7.0,3.0,10.285630480800473,10.0,3.0,0.6501945187196603,78.24958500023315,15.455428393301583,high_risk_target,6.508166340580944
2.0,0.0,0.0,2.0,2.0,7.116239536332614,5.0,1.0,0.7328822283789287,22.48278017942426,5.875518123487815,low_risk_casual,-4.2365483091305585
3.0,0.0,1.0,4.0,1.0,24.53311742506215,8.0,4.0,0.8712455323816835,45.18990928062804,10.860428617335282,medium_risk_messy,-1.6270875087958414
2.0,1.0,0.0,3.0,3.0,5.90092785756881,5.0,3.0,0.6651163956824917,55.03715370766883,11.904256682537495,medium_risk_messy,-3.8711693590341225
4.0,3.0,2.0,9.0,2.0,11.31367254561333,5.0,3.0,0.9538347552918455,31.66816565041382,17.911256962636774,medium_risk_messy,-0.5403199847653274
1.0,3.0,1.0,5.0,2.0,12.53271640550258,8.0,2.0,0.8528952603471444,44.574522867378946,11.672100740161994,medium_risk_messy,1.1878534688452889
11.0,0.0,2.0,13.0,1.0,12.398328969909084,8.0,1.0,0.6268936720362245,77.305721433981,11.896947590038192,high_risk_target,5.846683897217151
2.0,3.0,1.0,6.0,0.0,5.138140897015359,5.0,1.0,0.7831715977736111,40.42556385941264,4.530432520722114,medium_risk_messy,4.1615318080783785
3.0,1.0,2.0,6.0,1.0,11.143291311554215,8.0,2.0,0.9651569778946302,31.553576661984508,11.313763442820115,medium_risk_messy,-0.6035627740995045
3.0,1.0,2.0,6.0,1.0,10.308897423713688,5.0,2.0,0.9884603629473143,30.979771823534875,11.243776221290503,medium_risk_messy,-0.5314276752229169
5.0,5.0,0.0,10.0,1.0,10.191731722567042,8.0,1.0,0.8126644095057932,73.14530149999067,10.755658694827531,high_risk_target,3.193147167262113
3.0,3.0,0.0,6.0,1.0,17.054665284967278,8.0,3.0,0.9737216456669961,75.07281861499129,18.328410890641326,high_risk_target,3.5834645211939735
3.0,0.0,1.0,4.0,1.0,13.885868158458976,10.0,2.0,0.6948577863910845,73.31711496959736,2.152283695197177,high_risk_target,5.005621031372247
6.0,1.0,3.0,10.0,2.0,12.408375397856146,10.0,3.0,0.7063713802528475,70.37418295231275,19.806646075872965,high_risk_target,8.157567153224504
3.0,0.0,0.0,3.0,1.0,8.953342975723864,5.0,2.0,0.9105161910063791,31.970763494689777,2.6100252823436842,medium_risk_messy,-3.497492152272776
3.0,0.0,2.0,5.0,3.0,9.641774919916362,8.0,2.0,0.9705855191824739,67.01438499279192,8.392547656136207,high_risk_target,8.962161787858435
2.0,5.0,1.0,8.0,2.0,11.583783377143508,10.0,3.0,0.6527861278495847,76.9864504725785,10.263661675135577,high_risk_target,2.6761350166875104
2.0,1.0,0.0,3.0,1.0,10.01732275956236,8.0,3.0,0.6205175395924862,40.12362836892687,9.850707614285785,medium_risk_messy,-0.6178150632115367
1.0,1.0,0.0,2.0,2.0,0.808181711588561,0.0,2.0,0.738623503926619,6.487515845595867,8.154315413304506,low_risk_casual,-2.1564771846865294
3.0,4.0,0.0,7.0,2.0,13.943690338507174,10.0,2.0,0.7587968648829897,72.33911916198694,3.126339414177217,high_risk_target,4.8217537409335325
2.0,1.0,1.0,4.0,4.0,13.152563722257044,10.0,2.0,0.7737445992564871,63.51840443401335,8.928838435930974,high_risk_target,8.079481525351756
2.0,1.0,1.0,4.0,3.0,15.248585953335793,8.0,2.0,0.840987932281382,67.60752350989108,10.23277165038028,high_risk_target,7.211809971834545
4.0,2.0,1.0,7.0,1.0,11.118727730915019,8.0,2.0,0.6933331290597307,42.87187107907998,12.506603399089078,medium_risk_messy,-1.6164368175732728
1.0,0.0,0.0,1.0,2.0,18.215495923778768,5.0,4.0,0.6505545689622668,21.041498566790704,0.5568781515482679,low_risk_casual,-0.5801417415989465
2.0,3.0,0.0,5.0,3.0,10.124969595669143,10.0,1.0,0.6277576343616733,79.91473424558176,1.7975370347232134,high_risk_target,1.6628014822436095
4.0,7.0,0.0,11.0,1.0,12.920267008965993,10.0,2.0,0.891511221780259,66.53674138880231,6.47060824970983,high_risk_target,7.117457059767758
1.0,0.0,0.0,1.0,3.0,2.5710501962915,0.0,4.0,0.7153006308669474,24.40303446972792,5.975657421085032,low_risk_casual,-0.8320900102437327
2.0,3.0,1.0,6.0,1.0,13.270087908845774,10.0,4.0,0.6386579337151009,78.21405842650731,3.5379390164796787,high_risk_target,1.191095519486168
2.0,0.0,1.0,3.0,1.0,10.581447001277347,5.0,2.0,0.8369205484248383,39.60081949687176,13.893075456203508,medium_risk_messy,2.6962956972139427
2.0,2.0,0.0,4.0,3.0,3.38690549860238,0.0,1.0,0.9399837322012822,21.907475685887135,3.924914334123313,low_risk_casual,-3.529890481756567
5.0,3.0,0.0,8.0,0.0,11.447070222438082,8.0,4.0,0.7596667178044079,68.86995117814857,11.971902148093417,high_risk_target,3.0684299597221107
5.0,0.0,1.0,6.0,5.0,21.988146257894183,5.0,4.0,0.7583748904783799,40.75864745860774,15.125075828448686,medium_risk_messy,0.8536539495320218
6.0,2.0,0.0,8.0,3.0,10.611664104723674,10.0,4.0,0.9943221283400823,61.83314002858897,0.003730563413262278,high_risk_target,8.02668900427894
6.0,4.0,0.0,10.0,0.0,14.837506528338954,10.0,2.0,0.6234261221138135,71.75227351686834,11.047322756344686,high_risk_target,7.963031585683167
2.0,2.0,2.0,6.0,1.0,10.83496515297659,8.0,4.0,0.8457600029725295,65.1625809735788,10.473268321092215,high_risk_target,4.342675969675408
1.0,0.0,0.0,1.0,1.0,3.0857897824829967,2.0,1.0,0.6497383365723481,18.902793805849903,17.502672372423042,low_risk_casual,-5.952000895441667
4.0,2.0,1.0,7.0,0.0,28.233853474649187,8.0,1.0,0.6051628911923967,53.5777582862674,4.533813041498473,medium_risk_messy,-3.8627537215860768
5.0,2.0,3.0,10.0,2.0,12.947419255341508,10.0,1.0,0.7656564272862665,83.9935009333735,19.15891719852275,high_risk_target,6.7404979878226206
2.0,1.0,3.0,6.0,1.0,10.915491704659019,8.0,3.0,0.6571843510403008,85.11711654665454,14.845870763405255,high_risk_target,6.109880399134674
4.0,1.0,0.0,5.0,4.0,8.515746393341898,8.0,2.0,0.928935644582739,46.59871918869,18.055275759290176,medium_risk_messy,-2.897179605032483
1.0,2.0,0.0,3.0,0.0,0.6578595928071695,0.0,4.0,0.8722232647116406,2.315625906794039,3.3214970466702742,low_risk_casual,-1.6822457580176953
1.0,0.0,0.0,1.0,1.0,2.285052709738385,2.0,4.0,0.7643155239998447,16.641954098470627,9.792881520640652,low_risk_casual,-2.734539413708437
0.0,1.0,0.0,1.0,2.0,3.351988189223256,2.0,1.0,0.620389950808977,29.03408212945455,12.35058230124623,low_risk_casual,-1.1918827650811648
2.0,0.0,0.0,2.0,4.0,8.36545309143936,5.0,1.0,0.7638691477170076,10.498135607121421,19.564413370531167,low_risk_casual,-4.692739826975561
0.0,0.0,1.0,1.0,3.0,10.889098213629113,5.0,2.0,0.86091004435962,51.94686358683401,9.192891947714747,medium_risk_messy,2.0723829887838217
4.0,3.0,1.0,8.0,2.0,12.504309749440004,8.0,3.0,0.6975207750840718,69.08489666936227,13.118066261967991,high_risk_target,8.070936899869048
3.0,0.0,0.0,3.0,3.0,9.089260419305157,8.0,4.0,0.8440431688144938,53.406379456069004,9.76355350621628,medium_risk_messy,-0.7962840211769401
0.0,1.0,0.0,1.0,2.0,0.12118819004625181,0.0,2.0,0.6418703882142133,9.571352229967195,2.57192971921105,low_risk_casual,-3.2238442428235405
1.0,1.0,0.0,2.0,2.0,3.4112451596984146,0.0,2.0,0.8308468329551626,12.22096572638497,17.81316910923685,low_risk_casual,0.506177834604153
2.0,0.0,0.0,2.0,1.0,12.049908432038345,8.0,2.0,0.8358613980606191,35.435155525500605,1.3475374304385146,medium_risk_messy,0.7833412312305433
0.0,0.0,0.0,0.0,2.0,4.23436990812834,2.0,3.0,0.605544854365144,5.154883810729753,12.987576404732447,low_risk_casual,0.13675866738803277
0.0,0.0,0.0,0.0,4.0,11.657477210592504,5.0,1.0,0.7148884836820604,26.58513882167979,17.595048045886873,low_risk_casual,-0.7917582208229641
3.0,0.0,1.0,4.0,1.0,11.589399723471676,8.0,2.0,0.7642730532041131,50.246796091624645,4.193805548604017,medium_risk_messy,0.0680548221444641
3.0,0.0,0.0,3.0,3.0,8.51049506125729,5.0,2.0,0.6588908297642068,31.633981421005128,4.131620324435616,medium_risk_messy,0.22274520368010484
0.0,0.0,0.0,0.0,5.0,5.772528301358768,5.0,3.0,0.9825167526053445,8.074847129748875,7.533528808589249,low_risk_casual,-2.9938640502359566
2.0,1.0,0.0,3.0,2.0,10.861124828976646,5.0,3.0,0.9413316866235151,57.78615605653035,6.563201447072156,medium_risk_messy,-0.36513794875908223
3.0,0.0,2.0,5.0,3.0,6.708515734821565,5.0,2.0,0.9434025818206218,58.57160257196173,2.6337380687241407,medium_risk_messy,2.0589149631967145
3.0,4.0,2.0,9.0,2.0,27.880567456199245,8.0,3.0,0.8837555287297545,81.61151995759337,2.1080275479292454,high_risk_target,6.744630760056901
6.0,1.0,3.0,10.0,1.0,26.991231108251302,8.0,1.0,0.6557016283138816,67.46375366217531,0.214305953907179,high_risk_target,5.848133723036902
3.0,1.0,0.0,4.0,2.0,15.44053208021805,10.0,4.0,0.812024982020693,72.47584018223843,9.359609249560867,high_risk_target,5.078894096481479
1.0,1.0,0.0,2.0,1.0,13.355511906863676,0.0,3.0,0.7283418170999374,12.569093213385731,11.921002315219004,low_risk_casual,-2.0055004820683644
1.0,1.0,0.0,2.0,3.0,18.445135817327273,8.0,3.0,0.9715231842751542,57.45004613242582,8.61071641826074,medium_risk_messy,0.04212039672871901
0.0,0.0,0.0,0.0,0.0,2.18119501455746,2.0,2.0,0.6432115829966317,18.63991872467122,4.652732767735499,low_risk_casual,-3.682662323617953
1.0,0.0,0.0,1.0,4.0,8.828231029378708,5.0,4.0,0.9955362165214652,13.325502206350997,9.664641517508702,low_risk_casual,-0.13251941492532437
7.0,3.0,0.0,10.0,0.0,9.839540068079712,8.0,1.0,0.6548083640145282,87.12406057734572,10.751692513851317,high_risk_target,4.41252382688385
0.0,0.0,0.0,0.0,5.0,8.17042690196812,2.0,2.0,0.7192264804680016,11.306006410415655,6.4080257228042985,low_risk_casual,-4.576411213965039
3.0,0.0,0.0,3.0,2.0,2.4052722444364125,2.0,3.0,0.7906105883328949,0.6227409637189263,14.757608303374848,low_risk_casual,-2.3659868436134013
2.0,5.0,0.0,7.0,4.0,12.963804368907873,10.0,4.0,0.9185762246093909,71.31161793005097,14.789384664774545,high_risk_target,2.7953810515174164
0.0,0.0,0.0,0.0,1.0,17.061204970088873,2.0,1.0,0.9822597869065958,2.623395053996563,19.07265215659379,low_risk_casual,-2.7656343792259372
1.0,1.0,0.0,2.0,3.0,9.951925837003223,5.0,1.0,0.658408407718785,24.874519208524195,18.761282791362625,low_risk_casual,-2.247457892549672
10.0,1.0,0.0,11.0,2.0,10.954951573057112,5.0,3.0,0.9037243420600821,59.03228474501147,14.25331237973089,medium_risk_messy,-0.2590628154448683
3.0,1.0,1.0,5.0,1.0,9.129169580669533,8.0,4.0,0.6588653004379781,61.672225607623254,5.959544709916875,high_risk_target,2.2294858209853956
0.0,1.0,0.0,1.0,1.0,4.224614148077224,0.0,2.0,0.6823177507957687,7.366518778334732,14.831322169336591,low_risk_casual,0.0067655284398804305
4.0,5.0,1.0,10.0,2.0,11.341145568609932,8.0,2.0,0.7368530400447579,67.71188076567626,19.231014642751326,high_risk_target,5.243629411549716
6.0,7.0,0.0,13.0,0.0,10.56978821073428,8.0,4.0,0.7549865855287027,82.3447522658974,11.6684303803687,high_risk_target,9.517654243816377
3.0,1.0,0.0,4.0,3.0,21.364298436505734,5.0,1.0,0.8829115647622668,59.018135711108926,5.043457549910599,medium_risk_messy,-1.3566134650303925
4.0,2.0,0.0,6.0,6.0,15.227223694802879,10.0,2.0,0.7989015546363512,82.1450481161053,3.5683219312699155,high_risk_target,1.8687510872210957
4.0,0.0,1.0,5.0,3.0,6.189673655168473,5.0,1.0,0.8992064306797609,54.83025584343815,16.730617815218068,medium_risk_messy,2.051835971438556
8.0,2.0,1.0,11.0,4.0,8.64721256324036,8.0,2.0,0.8366867875569601,78.01749590961408,3.840467382726891,high_risk_target,7.2324927810362505
2.0,0.0,1.0,3.0,0.0,10.86568669799841,8.0,2.0,0.9424004299572611,37.72436928431175,14.999073636048157,medium_risk_messy,3.0160951828383067
7.0,3.0,2.0,12.0,1.0,11.651908461468075,10.0,3.0,0.7933992340427215,62.56209090488165,8.582989839166437,high_risk_target,4.023452315096911
4.0,1.0,0.0,5.0,0.0,7.880376540982651,5.0,1.0,0.7003561266136419,41.4864944185255,2.011254641668887,medium_risk_messy,1.266653652142477
0.0,0.0,0.0,0.0,3.0,3.315647460583659,2.0,3.0,0.9066383778848206,17.32839241911401,19.325485954963717,low_risk_casual,1.1970762241926827
7.0,4.0,0.0,11.0,0.0,14.96701358226564,8.0,2.0,0.6064112625820492,85.5614524741408,19.273703773740984,high_risk_target,6.604256917236238
2.0,0.0,0.0,2.0,4.0,16.475511708146918,5.0,1.0,0.7086201820709943,25.528556982204,6.324302451266601,low_risk_casual,-2.1663374216040707
3.0,1.0,0.0,4.0,2.0,7.92441874566974,5.0,3.0,0.6836389458358457,48.498659344958256,2.607062600865311,medium_risk_messy,2.4234485969413755
3.0,0.0,1.0,4.0,2.0,14.853554050349725,10.0,3.0,0.6534782617597744,86.55716636122696,18.707889793355974,high_risk_target,2.8027591496443756
6.0,2.0,0.0,8.0,5.0,12.85049869389556,10.0,1.0,0.9402016913314388,66.10463983665937,14.817385367704357,high_risk_target,7.841008574542126
5.0,2.0,0.0,7.0,1.0,23.389617792329307,8.0,4.0,0.8333228992736819,74.2292599460529,17.68686855942575,high_risk_target,5.615353306802228
4.0,3.0,1.0,8.0,5.0,11.222817235449181,8.0,4.0,0.7901854424676482,75.43468806936116,15.13855318682883,high_risk_target,2.8089612223088753
0.0,1.0,0.0,1.0,0.0,11.48916346079044,5.0,4.0,0.6815978414437549,2.062617192674624,16.52929218984366,low_risk_casual,-3.2996537709948726
1.0,1.0,0.0,2.0,0.0,3.7681080390884842,2.0,4.0,0.9893043532121967,18.45193889573434,4.028126184267045,low_risk_casual,-1.8316635396286076
0.0,0.0,0.0,0.0,0.0,3.0507496819475746,0.0,1.0,0.6716655673160603,28.197731186571264,17.822801835870187,low_risk_casual,1.626815397030846
3.0,1.0,0.0,4.0,2.0,8.137404073301527,8.0,4.0,0.8247741014078653,30.583441511042434,2.238691562695785,medium_risk_messy,-0.6857577231151282
3.0,0.0,0.0,3.0,4.0,8.014931224978737,5.0,2.0,0.9561763792004343,27.265962189570107,5.254418871226056,low_risk_casual,-6.016967432287001
0.0,0.0,0.0,0.0,3.0,7.213925297960938,5.0,1.0,0.7035169633458096,29.963788074469637,6.329142617488324,low_risk_casual,-2.63457713132765
2.0,0.0,0.0,2.0,1.0,8.321677164334286,0.0,3.0,0.8718819114307336,7.761328422469035,11.403632635093878,low_risk_casual,-0.8204370489313233
0.0,0.0,0.0,0.0,3.0,8.810595416972328,5.0,4.0,0.6387915050064381,13.498310228065789,1.1141367223049037,low_risk_casual,-1.706167446724141
2.0,0.0,0.0,2.0,1.0,7.513150507541026,2.0,2.0,0.7483894850368676,16.313612111752406,15.443040552316763,low_risk_casual,-2.7926327331368324
0.0,0.0,0.0,0.0,3.0,6.27048205647552,5.0,1.0,0.694398642363695,40.075304611179476,2.8708951188753584,medium_risk_messy,-2.2618005849885265
3.0,4.0,2.0,9.0,2.0,25.016131322534825,8.0,3.0,0.8201405115355004,63.94237148565806,10.279108933814161,high_risk_target,6.761015327757079
1.0,0.0,0.0,1.0,0.0,0.252754654061188,0.0,4.0,0.6555875967546498,8.003161908717718,14.945951151197136,low_risk_casual,-1.0078230074148704
2.0,0.0,1.0,3.0,3.0,17.483816773936056,8.0,3.0,0.6354313358546576,43.34138330575007,13.537445516551529,medium_risk_messy,0.2901612990184878
7.0,1.0,1.0,9.0,0.0,11.710536304118019,10.0,1.0,0.7084569013522353,67.6195426012876,15.206564428082753,high_risk_target,3.6844252214088455
1.0,3.0,1.0,5.0,1.0,15.519265086281552,8.0,4.0,0.8986412818576814,81.49818896880093,0.2519280254357392,high_risk_target,2.8130265326280663
0.0,1.0,0.0,1.0,2.0,14.910174108378955,5.0,4.0,0.7785305439946245,12.275477623754657,14.540370540282678,low_risk_casual,-1.0036277154876898
5.0,2.0,0.0,7.0,1.0,8.958004391881072,5.0,4.0,0.8074991388458838,40.01329791209393,1.0233101289095181,medium_risk_messy,-0.0947414050888719
3.0,3.0,0.0,6.0,3.0,15.162830169926545,10.0,1.0,0.7998193340818684,69.12371548404109,15.295524842501784,high_risk_target,1.8356464733077456
1.0,0.0,0.0,1.0,2.0,1.540194369193315,0.0,3.0,0.8766573607893273,19.16889065919854,15.900230738569407,low_risk_casual,-6.743318721717785
3.0,1.0,1.0,5.0,1.0,19.3220101145545,5.0,2.0,0.9877963597624713,43.345180780215884,9.078522728435917,medium_risk_messy,4.084139305855761
4.0,1.0,0.0,5.0,5.0,16.62534727349106,8.0,2.0,0.9517297853450243,49.62661386087039,10.284540225319551,medium_risk_messy,-3.307164231249667
2.0,0.0,0.0,2.0,1.0,2.783429290328935,0.0,4.0,0.9137085197226867,24.791709348016656,18.937603926820472,low_risk_casual,-1.4707723118635723
4.0,5.0,0.0,9.0,0.0,8.059947857498779,8.0,3.0,0.9478783539406536,63.75753693288624,17.81664296579267,high_risk_target,1.4376831710687332
2.0,0.0,0.0,2.0,2.0,1.0690187086828233,0.0,1.0,0.7017036643955722,4.116814398506133,12.620987865404413,low_risk_casual,-6.460936038248918
1.0,1.0,0.0,2.0,0.0,7.066201815154283,0.0,1.0,0.8909809565144482,10.27185369887579,17.392329154645235,low_risk_casual,-2.793714089830641
2.0,0.0,0.0,2.0,4.0,6.5082499140740815,5.0,4.0,0.8323023996222636,54.58487056158157,14.833682579836463,medium_risk_messy,-2.4935564956757292
2.0,1.0,0.0,3.0,2.0,5.558292338999688,5.0,3.0,0.8409025209509029,22.77716938970985,6.4464964893884975,low_risk_casual,0.13483390606479917
6.0,3.0,0.0,9.0,1.0,22.70065177576143,10.0,4.0,0.8002478129335724,74.83112433137273,18.235702247635427,high_risk_target,6.107399850513696
2.0,2.0,0.0,4.0,1.0,25.654298019469074,5.0,1.0,0.741819283531443,43.4391496914657,11.29188162580643,medium_risk_messy,0.6285655101460724
3.0,1.0,0.0,4.0,2.0,9.810125051885857,8.0,2.0,0.7342729602571367,50.519253897454234,11.491643951037592,medium_risk_messy,-0.374873950621723
5.0,1.0,0.0,6.0,4.0,11.546921820895786,10.0,2.0,0.6688789917694532,64.94802080558193,8.619674576964062,high_risk_target,2.7041283635812445
7.0,1.0,2.0,10.0,1.0,9.259915390308624,5.0,2.0,0.974470625666602,48.919058849492416,18.81501718468922,medium_risk_messy,0.06720263328797926
1.0,1.0,0.0,2.0,3.0,8.35391450569212,2.0,1.0,0.8722242664555351,26.27055382758318,5.991126392297945,low_risk_casual,-3.8086116269893173
3.0,0.0,0.0,3.0,1.0,13.186513936236013,5.0,1.0,0.7060682964733422,57.28693282140904,13.257195752693313,medium_risk_messy,-0.1889646282889743
0.0,1.0,0.0,1.0,2.0,0.5276637497063112,0.0,4.0,0.9126915956019037,29.654714534604143,4.075109716998875,low_risk_casual,-2.819368378436056
7.0,1.0,2.0,10.0,0.0,14.72269907221017,10.0,4.0,0.6695854823613354,85.28836447368592,7.224321179516235,high_risk_target,4.5187238912598575
1.0,0.0,0.0,1.0,3.0,9.524464691297592,5.0,2.0,0.9254435253469424,8.996228053321948,14.299056471035543,low_risk_casual,-1.3289475487505746
2.0,2.0,1.0,5.0,2.0,13.45827324546136,8.0,3.0,0.9049444854828691,75.1813407723551,2.877523107795603,high_risk_target,4.58906996074255
4.0,2.0,1.0,7.0,1.0,6.3506548298580014,5.0,4.0,0.6277231092153179,59.46768182809845,11.56436762446579,medium_risk_messy,3.010964569422691
1.0,1.0,0.0,2.0,3.0,12.429896311280482,0.0,2.0,0.9617811246249975,27.35183545024898,0.014954167410621277,low_risk_casual,-0.7696511236226558
4.0,6.0,1.0,11.0,1.0,8.260692413550572,8.0,4.0,0.7625328923855071,78.68862132550146,18.531707664367623,high_risk_target,3.7166663597392353
3.0,6.0,2.0,11.0,0.0,12.009219107792596,10.0,1.0,0.7627593725562511,72.38034745137448,4.413981495706702,high_risk_target,8.330703835247062
5.0,1.0,2.0,8.0,6.0,8.648295978314467,8.0,2.0,0.7235670891375064,70.15520638276419,7.374503109416919,high_risk_target,6.3325393440870466
1.0,0.0,0.0,1.0,3.0,8.402260665499725,0.0,2.0,0.680364535874209,1.1133995988690681,16.1023841750933,low_risk_casual,-0.8440429527208857
4.0,5.0,0.0,9.0,3.0,11.904597491099999,8.0,1.0,0.8854825034706828,81.04090680931324,16.362911622556027,high_risk_target,3.3742419382012137
2.0,1.0,0.0,3.0,0.0,5.1509518102562435,0.0,2.0,0.629159380748662,26.171836900644447,12.536658088301344,low_risk_casual,-1.2734292202320494
0.0,0.0,0.0,0.0,2.0,8.679043689021615,5.0,4.0,0.8184990400523404,18.669089372220785,1.7894624562077444,low_risk_casual,0.20786709340381426
4.0,0.0,0.0,4.0,2.0,13.097182805889043,8.0,2.0,0.7280226907541164,48.48548895637792,15.263001154911224,medium_risk_messy,-0.5125616485031449
4.0,3.0,3.0,10.0,3.0,18.18574889485468,10.0,2.0,0.9387140007478981,88.50837670834221,16.63883083376104,high_risk_target,1.618656744787096
3.0,0.0,0.0,3.0,2.0,2.924780857930295,2.0,1.0,0.7789402196022502,16.723229014907997,4.209193443530685,low_risk_casual,-3.9569990917332127
3.0,2.0,0.0,5.0,2.0,13.453712183416291,8.0,2.0,0.7675731911935784,37.30401132200281,15.517301304055737,medium_risk_messy,1.5129767086321968
8.0,2.0,0.0,10.0,5.0,16.060003392941045,10.0,4.0,0.7814291238460699,63.70699462204728,0.7609835662018183,high_risk_target,1.1718798588250654
2.0,0.0,3.0,5.0,2.0,20.607769045815907,10.0,3.0,0.630993450622193,69.0020124871632,0.3605801791782448,high_risk_target,4.603031082969878
6.0,2.0,2.0,10.0,0.0,8.324866283536394,8.0,4.0,0.8719886840357505,80.1793303058037,4.057463518284692,high_risk_target,3.2362067569137314
4.0,2.0,1.0,7.0,2.0,9.637935529744949,8.0,1.0,0.9345758949504493,89.5970847233798,10.238772613638556,high_risk_target,10.188620369548222
0.0,1.0,0.0,1.0,1.0,10.115083575917927,2.0,2.0,0.7440398523128453,14.973259743228196,1.796442588512095,low_risk_casual,0.27507802630126976
4.0,1.0,0.0,5.0,2.0,16.221920460256197,5.0,3.0,0.8601020284374645,55.265811926193436,1.808379555833215,medium_risk_messy,-2.0260590232456757
5.0,2.0,1.0,8.0,1.0,12.947084737564513,8.0,2.0,0.982361268955273,72.19255623006413,1.4081072480502832,high_risk_target,1.6255525001285975
2.0,0.0,0.0,2.0,5.0,8.927694138728508,5.0,2.0,0.8001162074712719,11.36110066743478,8.303113521146209,low_risk_casual,-2.843084431318637
1.0,0.0,0.0,1.0,0.0,7.556877778177016,5.0,3.0,0.6148886818277316,5.2193219856541075,18.352013925238005,low_risk_casual,-2.8925249734002625
2.0,1.0,2.0,5.0,4.0,8.014287344928087,5.0,2.0,0.8363465069580458,59.442642747660756,13.054562475544483,medium_risk_messy,-1.4795423279459345
4.0,1.0,0.0,5.0,2.0,10.466849985075385,8.0,3.0,0.8871482322207713,33.074889875676384,19.852510969057406,medium_risk_messy,-2.669221213820465
4.0,5.0,1.0,10.0,4.0,12.094168396089735,10.0,1.0,0.8894138293324354,75.77839730704378,11.543733524466177,high_risk_target,4.557915072925899
3.0,0.0,1.0,4.0,2.0,6.554812761360547,5.0,1.0,0.6972498121690675,44.000494674925925,14.895014632598444,medium_risk_messy,0.13873960531613885
0.0,0.0,0.0,0.0,4.0,6.598729224025007,5.0,3.0,0.8791457581408577,8.588395863358226,5.3650071784462146,low_risk_casual,-2.5752094683616056
5.0,3.0,0.0,8.0,0.0,20.38082261950318,8.0,1.0,0.7353471463700864,64.92811348367785,18.710460455177145,high_risk_target,7.98187365440346
2.0,5.0,0.0,7.0,2.0,18.954548945106332,10.0,2.0,0.6352568973563169,73.7884425519878,8.27331047166414,high_risk_target,6.6561176297866185
10.0,1.0,1.0,12.0,2.0,9.110451141250543,8.0,2.0,0.95436884577737,82.44317003662468,15.498569446119099,high_risk_target,7.14216100080561
4.0,0.0,0.0,4.0,3.0,14.635635158115566,8.0,2.0,0.9526541396701642,34.70707872438361,10.303844522764274,medium_risk_messy,0.668877029697043
1.0,2.0,0.0,3.0,1.0,42.69334110531831,5.0,2.0,0.7936852557390567,7.572051448264538,1.2720287275559472,low_risk_casual,0.9561437967128881
2.0,0.0,1.0,3.0,1.0,10.133100075050619,8.0,4.0,0.8764423480215404,61.87439284073463,17.663861058472172,high_risk_target,4.96099094291827
6.0,7.0,1.0,14.0,1.0,23.02927281645882,8.0,4.0,0.9346918744575143,72.17436276600814,3.273513274594557,high_risk_target,6.319636571889964
1.0,0.0,0.0,1.0,0.0,2.324776245470658,0.0,1.0,0.6580900079660996,6.5309939657169735,10.48629876680242,low_risk_casual,-1.7960980651873277
1.0,0.0,2.0,3.0,3.0,8.476371863260109,8.0,1.0,0.6931607354597926,55.635463077322484,16.906599513774534,medium_risk_messy,0.8766074095366997
10.0,3.0,0.0,13.0,3.0,12.669386315128417,8.0,2.0,0.9882218682913984,66.61313654677842,11.179064805407538,high_risk_target,5.486787611815391
0.0,0.0,0.0,0.0,3.0,3.7449749304283584,2.0,3.0,0.9044023931798222,15.083503255400416,14.260285837234816,low_risk_casual,-6.186877910413317
1.0,0.0,1.0,2.0,1.0,10.201788763385125,8.0,4.0,0.64667564797436,48.23588472242942,13.120027093062186,medium_risk_messy,2.452312735102911
0.0,0.0,1.0,1.0,0.0,10.359862858596607,8.0,4.0,0.8275685623378866,51.20410788631516,17.634179392771692,medium_risk_messy,-1.5738631004077714
3.0,0.0,0.0,3.0,2.0,1.795261993738553,0.0,3.0,0.846496259732245,21.570583294886735,9.657570682316871,low_risk_casual,-0.42572289199305335
2.0,1.0,0.0,3.0,0.0,2.690940375538424,2.0,2.0,0.9598402379052944,15.604045433540547,15.638651595764177,low_risk_casual,-2.4220812148293493
3.0,0.0,1.0,4.0,1.0,11.716948023041537,8.0,2.0,0.7940291636570782,41.138127615161814,10.816541279430794,medium_risk_messy,-0.8576958512121468
6.0,4.0,1.0,11.0,1.0,11.441089905519554,8.0,1.0,0.959438764227588,83.82403685196817,17.92513432943158,high_risk_target,5.831673672572121
3.0,1.0,0.0,4.0,1.0,6.756140208967916,5.0,2.0,0.7436003072317054,45.635211747406125,16.167156449961478,medium_risk_messy,2.530631961981251
1.0,1.0,0.0,2.0,2.0,8.878518223550612,0.0,3.0,0.9434979874118321,3.9095396427387277,12.675665694945753,low_risk_casual,-2.9571493830250297
7.0,3.0,1.0,11.0,2.0,12.222604963984116,10.0,1.0,0.9235434156134261,80.3111344464603,5.894027397710559,high_risk_target,8.147468433110213
5.0,1.0,0.0,6.0,0.0,8.063287913829589,8.0,2.0,0.6357359609167467,51.267000187547474,8.755629545992399,medium_risk_messy,0.9133760214607983
5.0,2.0,0.0,7.0,1.0,18.54939225039567,5.0,4.0,0.6620034669667018,55.732924373580886,13.28901314186519,medium_risk_messy,-1.7255820714806163
0.0,1.0,0.0,1.0,4.0,29.690734871447745,5.0,1.0,0.8899724790078476,3.3973035491945955,2.283675604742643,low_risk_casual,-0.8814726211427288
1.0,1.0,0.0,2.0,2.0,2.8702758499483862,2.0,2.0,0.6258003034746247,5.326737591396683,19.45044991267324,low_risk_casual,2.4480895573766004
1.0,0.0,0.0,1.0,0.0,6.624188418902464,2.0,3.0,0.7149030779508271,26.100747765604968,14.73589137420394,low_risk_casual,1.2753050167982427
0.0,0.0,0.0,0.0,2.0,6.532616896680629,0.0,2.0,0.9113356916270234,4.148495202142431,18.82429388241371,low_risk_casual,-1.6118898672324902
3.0,1.0,1.0,5.0,0.0,9.335186055911791,5.0,4.0,0.6877557556784986,32.94133614332819,9.287004997642834,medium_risk_messy,2.1848440045887196
6.0,0.0,1.0,7.0,3.0,8.291074694399528,5.0,2.0,0.9728516399122611,45.26051852052237,15.404575312997466,medium_risk_messy,-1.6533553582668603
5.0,4.0,1.0,10.0,4.0,17.083875686144104,8.0,3.0,0.7795405462608012,89.04066516137216,11.98022088427135,high_risk_target,6.540207133116914
5.0,5.0,2.0,12.0,1.0,12.314604186966545,8.0,4.0,0.705590207883932,66.01896270439721,8.550151151852992,high_risk_target,3.2731693903643686
5.0,3.0,2.0,10.0,3.0,19.006002328511073,10.0,2.0,0.7966951772075958,70.74657123729219,17.924724982922662,high_risk_target,7.456275198573076
7.0,4.0,1.0,12.0,1.0,10.94828589368212,10.0,4.0,0.8689307239974564,61.746525362260186,10.624020936391926,high_risk_target,4.647905007946097
0.0,1.0,1.0,2.0,1.0,5.274703440793715,5.0,1.0,0.7900683464090513,39.61689673082773,6.345183487137351,medium_risk_messy,0.3931135553991644
1.0,0.0,0.0,1.0,1.0,6.177274926386391,2.0,1.0,0.9528940324083061,17.789481029022962,2.940299097995571,low_risk_casual,-3.3350300506902446
1.0,1.0,0.0,2.0,2.0,22.363659522420047,5.0,4.0,0.8568440940102084,50.31902059006978,5.963007125531112,medium_risk_messy,1.509081560029806
5.0,4.0,1.0,10.0,1.0,21.65316955407868,8.0,2.0,0.7302808846310809,63.97406862053564,9.451517060877112,high_risk_target,3.9885479941393243
1.0,0.0,0.0,1.0,3.0,10.597386694182127,2.0,1.0,0.615519781891555,2.501371613062786,3.7354505646225866,low_risk_casual,0.35339398633538144
1.0,0.0,0.0,1.0,0.0,6.380377358885099,5.0,4.0,0.6994901575162499,10.383255004932229,0.30996483652380613,low_risk_casual,-1.271440478436686
3.0,0.0,1.0,4.0,3.0,11.596921718596537,5.0,4.0,0.753392449030017,54.50380108723043,3.044564278337336,medium_risk_messy,-2.2761914754839965
0.0,0.0,0.0,0.0,2.0,8.857621107536396,5.0,4.0,0.7064085506915208,17.603037235337737,11.816317497910154,low_risk_casual,-2.7648519162659912
3.0,3.0,2.0,8.0,2.0,11.082015844525477,8.0,3.0,0.808092195641236,63.59240365501596,13.541875695672887,high_risk_target,5.009160278690968
6.0,0.0,0.0,6.0,1.0,12.266288299186439,8.0,4.0,0.9497668014666714,89.18884904856125,11.421863248690293,high_risk_target,3.0094226664904102
3.0,1.0,0.0,4.0,1.0,11.852426092109656,10.0,1.0,0.9342286820362595,87.69671240955685,0.8732185742601706,high_risk_target,0.35563731212274163
6.0,5.0,0.0,11.0,3.0,13.897584839923132,8.0,4.0,0.6453079012258743,80.6520387212807,15.457611549270363,high_risk_target,8.003408038087922
2.0,0.0,0.0,2.0,4.0,17.490484862444152,5.0,1.0,0.8505037098649706,58.353673462346606,13.381070306338959,medium_risk_messy,-0.08591622667591367
2.0,0.0,0.0,2.0,2.0,2.9263090648417496,0.0,1.0,0.7224783681928325,1.3920865804537697,13.11258824228635,low_risk_casual,-3.594689111277958
7.0,3.0,2.0,12.0,3.0,8.53207025012959,8.0,1.0,0.9966744561570943,67.25293522439044,15.40875605584674,high_risk_target,3.105449829916383
4.0,2.0,0.0,6.0,3.0,18.3760968098944,10.0,3.0,0.7052144710155721,67.6430275898586,4.491189385377927,high_risk_target,1.584701233749564
2.0,0.0,1.0,3.0,5.0,14.6295888305722,5.0,1.0,0.8446622702584057,37.582975798534925,11.314946131022918,medium_risk_messy,-0.501502863556662
0.0,0.0,0.0,0.0,1.0,6.799663369319604,5.0,2.0,0.7020728915096923,16.459029155837506,17.16940505196526,low_risk_casual,2.449772761992911
5.0,2.0,3.0,10.0,1.0,15.521341696751428,10.0,3.0,0.8141483490553577,77.99657364158324,3.3824972528835606,high_risk_target,7.971177216015562
1.0,1.0,0.0,2.0,0.0,0.22436494557164627,0.0,4.0,0.9699907792940139,11.848355580643863,15.713382997556383,low_risk_casual,-0.0054680926041712485
0.0,2.0,1.0,3.0,0.0,8.657860437741226,8.0,4.0,0.6093731821469552,70.64985347441825,8.603518168886264,high_risk_target,3.903824198984161
6.0,9.0,0.0,15.0,2.0,12.263735373524575,10.0,2.0,0.9206477943928134,79.28329650179595,12.608352367627088,high_risk_target,3.227276327961709
0.0,2.0,0.0,2.0,1.0,9.363445367109223,2.0,3.0,0.7450332850378708,23.67871964031314,1.3281070692099473,low_risk_casual,-4.902793404625818
2.0,0.0,0.0,2.0,2.0,8.394124671280087,0.0,2.0,0.6858259280371399,26.0292484416067,14.763015096833794,low_risk_casual,-1.3839801955653181
0.0,0.0,0.0,0.0,1.0,1.5632908134402712,0.0,3.0,0.984227414529374,2.4212536258195794,2.8530870294632416,low_risk_casual,-4.60568952704949
7.0,1.0,1.0,9.0,1.0,16.30657239421446,10.0,3.0,0.9501452959603043,65.05321653395745,14.089872728233694,high_risk_target,8.825453700613044
0.0,1.0,0.0,1.0,2.0,10.015632221525202,5.0,3.0,0.769015752089542,25.6693099243484,5.966754871749975,low_risk_casual,-6.347537808827984
0.0,0.0,0.0,0.0,5.0,9.823928709299413,5.0,3.0,0.6378955659117377,12.08356602139485,19.517417255670733,low_risk_casual,-3.1937895694639424
0.0,2.0,0.0,2.0,0.0,10.850087976064913,5.0,1.0,0.6262403059780118,34.874952464233246,13.812306247732726,medium_risk_messy,-3.3489389209064906
4.0,0.0,0.0,4.0,1.0,16.718701601398674,8.0,1.0,0.8751640365821297,32.68560590390527,17.279096440190212,medium_risk_messy,-1.8603649389151442
4.0,3.0,2.0,9.0,1.0,21.352843163810817,10.0,1.0,0.944324345074695,65.5021604582922,0.10887418383381142,high_risk_target,3.7812104868081446
2.0,2.0,0.0,4.0,2.0,3.843777822012223,0.0,1.0,0.7834599592324304,25.27114001454966,13.53953504622057,low_risk_casual,-3.8251570525044567
3.0,1.0,1.0,5.0,4.0,7.048572553303348,5.0,3.0,0.9483188689352453,41.20333773436306,10.254997995878592,medium_risk_messy,-0.012403382866151356
4.0,1.0,1.0,6.0,4.0,8.579051868161551,8.0,2.0,0.8773527602459421,81.4935894467637,3.4051830425087193,high_risk_target,3.258056713707918
0.0,1.0,0.0,1.0,3.0,7.720037927578987,2.0,3.0,0.7307768401018779,20.062597633494413,12.133786463957716,low_risk_casual,-3.3843017198175716
0.0,0.0,0.0,0.0,2.0,8.984417228451678,5.0,1.0,0.9147903197524804,14.815475871243008,1.1276370770646316,low_risk_casual,-1.7941652189535255
7.0,1.0,0.0,8.0,3.0,10.501752450181979,8.0,1.0,0.9499588938391705,43.684762233594675,15.435658781366957,medium_risk_messy,-4.628088132000211
6.0,4.0,1.0,11.0,3.0,16.375845698710734,10.0,3.0,0.7570351001444445,66.99133884800618,6.840453284959633,high_risk_target,3.947983525141299
5.0,4.0,1.0,10.0,3.0,11.689282514500478,8.0,1.0,0.777740878438998,80.27977469269021,18.87991813421223,high_risk_target,6.552032043033972
2.0,1.0,0.0,3.0,2.0,7.721198523678241,0.0,3.0,0.9616139945818237,0.3533962885992603,6.403623348568772,low_risk_casual,-4.050667781064906
2.0,0.0,1.0,3.0,1.0,21.037403143301994,8.0,3.0,0.7752134626790588,37.35837914923102,17.220667999444807,medium_risk_messy,1.1186746490553439
0.0,1.0,0.0,1.0,4.0,1.969519479969872,0.0,3.0,0.9351493080477451,20.431503351913356,17.655633992529935,low_risk_casual,-1.6752908783670453
4.0,3.0,1.0,8.0,3.0,10.58363614251151,10.0,3.0,0.79079676615127,64.42359027798538,12.8455632701423,high_risk_target,2.8853547943758002
4.0,0.0,2.0,6.0,4.0,14.917797623830127,8.0,1.0,0.7166352512644629,52.94636490265406,5.337985761975437,medium_risk_messy,2.9290271005337134
3.0,0.0,1.0,4.0,2.0,8.098788514218118,5.0,1.0,0.875813683562166,56.433154450696975,6.879592726327404,medium_risk_messy,4.2007265599706365
3.0,0.0,0.0,3.0,0.0,8.265011752588054,5.0,3.0,0.9363140287756458,0.9317062810546684,0.6685306618644327,low_risk_casual,-4.593667694335946
2.0,3.0,1.0,6.0,1.0,10.50532572399673,10.0,3.0,0.8830141750981775,63.289088476055596,9.25375663375654,high_risk_target,3.68557658357782
1.0,2.0,1.0,4.0,1.0,10.716286275219929,10.0,3.0,0.7204925179175633,79.95818508710732,9.267820176092926,high_risk_target,2.653508620104664
0.0,1.0,0.0,1.0,5.0,4.098943352491406,0.0,4.0,0.8455383780030897,20.64352977619051,1.7543528343992865,low_risk_casual,-1.290252394127907
8.0,1.0,1.0,10.0,4.0,15.568274506449317,5.0,4.0,0.7147262988828125,52.48549245470342,5.872647835197484,medium_risk_messy,2.1444343696976387
0.0,0.0,0.0,0.0,3.0,13.811483741124071,0.0,3.0,0.8723668850469006,16.46797573498013,3.731569985072827,low_risk_casual,-2.6109132234784567
0.0,0.0,0.0,0.0,1.0,23.395460905008957,0.0,4.0,0.9418274656130563,29.59049768832486,5.1390459901693974,low_risk_casual,-4.964828282117745
1.0,1.0,0.0,2.0,2.0,5.004107208123303,2.0,2.0,0.9718332378390275,18.931025271361467,3.684397985927186,low_risk_casual,-2.7518714398271586
1.0,0.0,0.0,1.0,2.0,6.653206559001619,2.0,2.0,0.9354196828099173,24.40847177942158,9.421674589678506,low_risk_casual,-4.903767351003497
0.0,0.0,0.0,0.0,1.0,17.197031477656616,5.0,1.0,0.7212878186874365,24.622075224471907,13.95980942995585,low_risk_casual,-2.9793903402964776
3.0,1.0,1.0,5.0,0.0,12.934349312543482,8.0,2.0,0.7498596876059315,38.69642038601579,3.6587064256842505,medium_risk_messy,0.5777158083953515
0.0,1.0,0.0,1.0,2.0,7.861150699321419,5.0,2.0,0.8588889133591422,28.205395041877242,0.8953677737697374,low_risk_casual,-2.083411712170802
6.0,5.0,1.0,12.0,1.0,20.810931847251226,10.0,2.0,0.7298216438923705,86.89512752876985,15.633741955327949,high_risk_target,4.73409730358061
1.0,1.0,0.0,2.0,4.0,12.326259185971878,5.0,2.0,0.6485059573436547,14.766485498624006,2.2752391760909885,low_risk_casual,1.2248772722458532
3.0,5.0,3.0,11.0,0.0,10.164533284773254,8.0,1.0,0.7437355962063149,67.87525812799632,9.507181353617371,high_risk_target,7.779528267892712
0.0,0.0,0.0,0.0,3.0,14.999826688249271,0.0,3.0,0.6315922397464927,27.1314340399657,13.86594937102984,low_risk_casual,-4.690419341617205
5.0,2.0,1.0,8.0,3.0,8.44081263961205,8.0,1.0,0.6646550775138367,60.929118102675304,18.116987799986116,high_risk_target,2.581602577520788
1.0,0.0,0.0,1.0,2.0,2.887246669693436,0.0,2.0,0.7292284273623004,24.14177951224293,16.77942193348136,low_risk_casual,-1.8865166334063612
3.0,0.0,0.0,3.0,3.0,6.10909964742742,0.0,1.0,0.8881071695789582,9.445234662262061,13.745660088262554,low_risk_casual,-5.894684948281629
0.0,1.0,0.0,1.0,2.0,7.3973202367320345,0.0,2.0,0.9213053602508513,20.185651134290733,5.440051474619794,low_risk_casual,-0.043084388666899676
0.0,0.0,0.0,0.0,1.0,4.605071197411783,2.0,1.0,0.6042689151395336,10.093834877316368,15.531149435704402,low_risk_casual,-5.1163968595004015
0.0,1.0,0.0,1.0,2.0,8.052666750500755,5.0,2.0,0.6163912888999562,8.141441852387537,14.101265684107583,low_risk_casual,0.83785800835747
0.0,1.0,0.0,1.0,1.0,11.118878717700088,5.0,3.0,0.8772677441015384,26.105900714767262,16.027430709272735,low_risk_casual,-5.308352880455317
1.0,1.0,0.0,2.0,2.0,6.359602786897759,5.0,4.0,0.7796493655721003,28.45962242708972,11.41329157961578,low_risk_casual,-4.068942714035075
2.0,3.0,3.0,8.0,0.0,15.74536504644583,10.0,4.0,0.8121892748791169,83.33041128824678,8.31548627163148,high_risk_target,4.146188086512396
7.0,5.0,2.0,14.0,2.0,17.72019492407214,10.0,2.0,0.8653450443825972,74.84485369864261,8.164750386925974,high_risk_target,6.106764892603394
8.0,0.0,0.0,8.0,3.0,22.685895117032974,5.0,1.0,0.9162411859079022,37.869147941533186,2.670861790111023,medium_risk_messy,1.8791947437437313
1.0,0.0,0.0,1.0,0.0,9.005236103686082,5.0,1.0,0.6088811251951401,21.10585020544591,6.074477032636516,low_risk_casual,-5.075907854145002
2.0,1.0,2.0,5.0,0.0,13.664387233004037,8.0,3.0,0.9851139231922929,51.360238835944884,2.5331174569438786,medium_risk_messy,-1.2573404940617208
1.0,1.0,2.0,4.0,2.0,6.345989349371739,5.0,3.0,0.653647849083916,35.96675108814052,1.1280271552158094,medium_risk_messy,-5.23626639738456
0.0,0.0,0.0,0.0,2.0,10.038475548924223,8.0,4.0,0.7459272385231428,59.874071033397556,17.467829158184387,medium_risk_messy,-3.269387037508792
7.0,2.0,1.0,10.0,1.0,8.955865772355448,8.0,4.0,0.9706191123003902,88.40527655002548,17.962476694257575,high_risk_target,2.9191801162565167
0.0,0.0,0.0,0.0,3.0,5.5135909402728505,5.0,3.0,0.7367462407049401,20.6593515679317,3.3652088867600827,low_risk_casual,-1.2539575725375869
3.0,2.0,0.0,5.0,0.0,5.25200861096361,5.0,3.0,0.8840693066360643,51.082148978687606,13.546836921630327,medium_risk_messy,0.12812134037235984
9.0,5.0,1.0,15.0,1.0,11.927427016777404,10.0,2.0,0.8628475356245093,65.50373654276595,7.301878404636117,high_risk_target,8.102490532855459
5.0,0.0,0.0,5.0,3.0,14.431177316238578,10.0,3.0,0.6510272605457137,78.26393880541181,18.066022547775187,high_risk_target,6.7645729851984315
4.0,4.0,0.0,8.0,2.0,8.665928388374704,8.0,1.0,0.680454617036151,84.85590778744526,3.57257753508599,high_risk_target,3.192175669674646
7.0,0.0,0.0,7.0,2.0,5.336047967447044,5.0,3.0,0.8690089616952557,33.1619080448742,14.085181490048393,medium_risk_messy,-3.5968278427156295
2.0,1.0,0.0,3.0,1.0,2.9315865239704286,2.0,1.0,0.7850477087734918,12.954153023577362,15.701437231270255,low_risk_casual,-1.5632220249116515
0.0,0.0,1.0,1.0,3.0,17.567564271918922,8.0,4.0,0.9050284451166212,51.936633296197385,16.667552488633277,medium_risk_messy,2.5777268504126045
2.0,0.0,1.0,3.0,5.0,8.32459956914529,8.0,1.0,0.7748134901799083,37.00188808374381,7.937787861780792,medium_risk_messy,1.0280962813729353
3.0,3.0,2.0,8.0,1.0,12.657212238840785,8.0,2.0,0.9878227500892741,81.09281711278298,14.925086902925766,high_risk_target,8.101261186515336
8.0,1.0,0.0,9.0,0.0,5.007929506716801,5.0,3.0,0.7793940912010535,30.111589824541774,19.61296439128099,medium_risk_messy,-1.3090671419966198
4.0,2.0,0.0,6.0,2.0,20.25941256168221,10.0,1.0,0.6796329251311831,63.910221707072154,11.75406456682953,high_risk_target,0.9009709676233495
2.0,0.0,0.0,2.0,1.0,11.878074462402797,5.0,1.0,0.8616092310635042,0.6640335308849121,8.32434062064629,low_risk_casual,-0.8941895428010369
9.0,2.0,3.0,14.0,1.0,11.671728902506015,8.0,4.0,0.9856216520525958,79.16178546747659,1.911488953252023,high_risk_target,3.1268159875127157
1.0,5.0,1.0,7.0,3.0,13.606456018583588,10.0,2.0,0.9737013196385444,63.312284930301786,1.7284926489447483,high_risk_target,5.179044101521303
1.0,2.0,0.0,3.0,5.0,7.7315796683316576,0.0,1.0,0.8384730677609508,5.104282205314737,18.31886007908105,low_risk_casual,-1.8655930945795776
3.0,0.0,0.0,3.0,5.0,0.8525357978001498,0.0,2.0,0.6431168989462165,4.455522727713523,9.751632067934322,low_risk_casual,-1.4271992476369326
3.0,0.0,0.0,3.0,1.0,1.6798914951273545,0.0,1.0,0.7883049569550412,23.620465452291214,17.562303939714027,low_risk_casual,1.7869501161760555
0.0,1.0,0.0,1.0,2.0,17.301134687189414,5.0,1.0,0.7429878582006966,10.059870223768064,1.317880364238393,low_risk_casual,-5.945443056394234
4.0,1.0,0.0,5.0,1.0,7.497536545842252,5.0,2.0,0.6698834368195142,44.63468512145643,3.9730130536227826,medium_risk_messy,1.7339733450692505
4.0,1.0,2.0,7.0,1.0,15.986125936072787,8.0,3.0,0.8682988801887093,73.90643517776766,16.947101078187337,high_risk_target,4.995388425258349
1.0,1.0,0.0,2.0,3.0,8.003268663911005,5.0,4.0,0.8522544762118602,42.08134948955101,1.5903942659299752,medium_risk_messy,-0.02329109766830609
0.0,0.0,0.0,0.0,1.0,1.326689127508023,0.0,4.0,0.9924524782846202,9.879159385937978,15.180560961024057,low_risk_casual,2.442711163378857
1.0,0.0,0.0,1.0,2.0,4.814926145686595,2.0,2.0,0.8696878529789587,25.45253179291533,4.429870977192801,low_risk_casual,-1.6458499164679037
3.0,1.0,0.0,4.0,2.0,3.5396614428602,2.0,1.0,0.7985595686708337,26.613195375560114,6.120019471663349,low_risk_casual,-1.7001673138427158
3.0,4.0,0.0,7.0,1.0,19.45404229317219,8.0,3.0,0.8216678886444,86.41265708620814,11.17681741909333,high_risk_target,6.445943163936778
2.0,1.0,1.0,4.0,1.0,14.188218006831482,8.0,4.0,0.7595365647787883,61.02783368380513,18.088028730339047,high_risk_target,4.485946641493558
3.0,3.0,0.0,6.0,1.0,20.238688286291477,8.0,4.0,0.8293606503590816,75.5681209279427,18.55801259724054,high_risk_target,6.862552000005844
10.0,3.0,0.0,13.0,2.0,11.242731524689672,10.0,1.0,0.9770410801938988,67.75501703098782,16.64382304615115,high_risk_target,8.016127292304144
4.0,3.0,0.0,7.0,1.0,11.32798340875047,10.0,1.0,0.8066186041557049,77.72261164059194,10.094789507607034,high_risk_target,7.245784246607849
4.0,2.0,0.0,6.0,1.0,5.099026852118404,5.0,1.0,0.9224046841953938,41.5515203761085,5.064149632847148,medium_risk_messy,1.073598381406045
1.0,0.0,0.0,1.0,2.0,3.831307682423139,0.0,2.0,0.650548056778802,5.104579234335507,19.473842697003974,low_risk_casual,-4.982369482330725
0.0,1.0,0.0,1.0,1.0,5.009905261890436,2.0,3.0,0.7983277890594156,24.359444720571304,14.644758281845752,low_risk_casual,-1.485253787165301
2.0,0.0,0.0,2.0,2.0,9.226486497272806,2.0,4.0,0.7033057431548654,9.704632849294383,9.615723363594546,low_risk_casual,-3.2616928058943775
5.0,2.0,0.0,7.0,3.0,10.094770327992617,8.0,1.0,0.8509268313431858,78.60865957765755,6.029768307087188,high_risk_target,4.5153793320260505
2.0,0.0,0.0,2.0,2.0,5.496513662099751,2.0,1.0,0.9193091986185222,19.66247090408565,15.66673383849241,low_risk_casual,-4.113337185762225
2.0,1.0,0.0,3.0,3.0,8.728304771486947,5.0,1.0,0.6115986977343791,21.97363887401189,13.796421426575238,low_risk_casual,-4.132064343255362
2.0,1.0,2.0,5.0,3.0,17.450510926500655,5.0,1.0,0.6897033532604927,51.70828313273854,1.9686941808997949,medium_risk_messy,-0.1030844172153031
2.0,0.0,0.0,2.0,5.0,5.314231645161026,5.0,1.0,0.7243892085532133,36.429002169686356,1.9932784415355176,medium_risk_messy,1.538063310884551
4.0,2.0,0.0,6.0,4.0,12.034135829489543,8.0,2.0,0.7712493471273498,40.155799041805075,3.914155032775757,medium_risk_messy,-1.05477812327924
3.0,3.0,3.0,9.0,1.0,10.65888508352997,10.0,4.0,0.6433157425931667,81.64467519395018,8.417544994864123,high_risk_target,3.9198674940255147
5.0,4.0,3.0,12.0,1.0,17.175055496631174,10.0,2.0,0.7356813725087672,77.30877450362937,6.453674141556405,high_risk_target,5.624659164116762
4.0,6.0,1.0,11.0,1.0,10.807111097930104,8.0,1.0,0.8775381545089065,80.35257755141137,12.9079734862497,high_risk_target,2.998521943117473
2.0,0.0,0.0,2.0,4.0,6.139005612882442,5.0,1.0,0.8234917774098156,0.34169004265658387,12.4988455021479,low_risk_casual,0.9419815240535576
3.0,3.0,0.0,6.0,2.0,5.629823895075758,5.0,1.0,0.7146642325148092,48.90103732627314,7.339156636339905,medium_risk_messy,-0.4400360553193481
5.0,1.0,1.0,7.0,3.0,10.26199281130539,8.0,1.0,0.6086955352254829,54.23897067782272,10.411410885983468,medium_risk_messy,-0.25481374477991947
4.0,3.0,0.0,7.0,3.0,10.591631742933139,10.0,2.0,0.7260033100759096,71.91682588698697,11.510990156622064,high_risk_target,3.5695029623648185
5.0,1.0,1.0,7.0,3.0,11.750388222645876,5.0,4.0,0.809303405175463,55.729811911267696,0.9023175720291898,medium_risk_messy,-1.3883534717707038
0.0,0.0,0.0,0.0,4.0,10.109066243456327,2.0,3.0,0.8448634635772916,14.095363049510247,8.659460996794126,low_risk_casual,-2.0441726299831546
2.0,2.0,0.0,4.0,1.0,6.721570751487098,5.0,1.0,0.9198713654614405,34.74277011848547,8.65603122452635,medium_risk_messy,-1.5630089265478868
2.0,0.0,0.0,2.0,3.0,3.9993575510042816,0.0,3.0,0.9556522142819434,13.831007042934361,9.35698366584086,low_risk_casual,-0.5051100571458882
3.0,1.0,0.0,4.0,2.0,12.946048016515384,5.0,3.0,0.7291604274311604,16.053615230202148,9.6254790365521,low_risk_casual,-1.4042476179523096
4.0,3.0,2.0,9.0,1.0,10.674151386454895,10.0,2.0,0.6841846990732849,79.02988071772138,6.365099945588417,high_risk_target,5.679625984000899
7.0,3.0,0.0,10.0,3.0,8.244899386522338,8.0,1.0,0.7631539707401436,68.21744611889712,2.2789053888908706,high_risk_target,1.896704435104878
1.0,1.0,0.0,2.0,2.0,13.579816822723178,0.0,4.0,0.7923920984185312,9.324903030824839,4.120474471641686,low_risk_casual,-1.7060674475740953
3.0,2.0,0.0,5.0,4.0,10.573921742112164,8.0,4.0,0.8386064002794523,51.02453887916038,6.363043716083201,medium_risk_messy,2.55584257980597
3.0,1.0,0.0,4.0,2.0,6.479165518417798,5.0,1.0,0.7903768870190897,56.983592536615056,2.4516631301436598,medium_risk_messy,-0.1651851507025809
4.0,1.0,2.0,7.0,2.0,9.83835509431483,8.0,4.0,0.7607358742759683,67.10940955166954,14.339505471070966,high_risk_target,6.539937462670445
3.0,0.0,1.0,4.0,2.0,12.24792683025106,5.0,3.0,0.7185762899117589,43.61261280751061,5.6026823755075945,medium_risk_messy,-0.9005067755565429
6.0,8.0,1.0,15.0,3.0,24.850802017551125,10.0,1.0,0.8519682016245038,78.79456919912272,0.356675803872466,high_risk_target,3.4879919610867907
2.0,2.0,1.0,5.0,2.0,10.135485619185875,8.0,4.0,0.8833296196311882,37.5724143892968,7.35694362285602,medium_risk_messy,-1.830954058180585
3.0,2.0,0.0,5.0,3.0,10.366942634041528,8.0,1.0,0.776480440885173,58.2690281370362,14.329525252843338,medium_risk_messy,0.2529184381213801
1.0,0.0,0.0,1.0,4.0,2.3003277861296216,2.0,3.0,0.8416821919453217,17.706935922190763,17.59704096077432,low_risk_casual,-3.9302218645653664
1.0,1.0,0.0,2.0,1.0,14.640564985613866,8.0,2.0,0.8080330732866335,53.64356819835657,16.6050038556277,medium_risk_messy,-3.2616428144138205
2.0,4.0,2.0,8.0,2.0,18.450044698985828,8.0,4.0,0.611790540849779,83.33953277965364,3.5652356297754695,high_risk_target,3.990610620508907
6.0,1.0,0.0,7.0,0.0,8.738222197488874,5.0,3.0,0.874770966709721,30.27757567307707,5.880067771899062,medium_risk_messy,0.25546910588859983
2.0,0.0,0.0,2.0,0.0,14.048506471964952,8.0,4.0,0.9015750737765696,35.9648559085944,2.2078846849986755,medium_risk_messy,-1.5450842236844717
3.0,0.0,1.0,4.0,3.0,13.820735427344793,5.0,2.0,0.9698650753166382,59.525801751556905,7.084920063784885,medium_risk_messy,-0.11592799933660505
0.0,0.0,0.0,0.0,1.0,0.8047922894897074,0.0,4.0,0.6684738975340501,8.890442306417421,2.089647906156693,low_risk_casual,-3.233550723039415
0.0,2.0,0.0,2.0,1.0,11.810411479797093,2.0,4.0,0.8692816984063237,9.56091771856192,16.503858696113802,low_risk_casual,-4.695991568734337
3.0,1.0,4.0,8.0,1.0,8.923832573167184,8.0,4.0,0.9672772633846812,40.80426342416814,16.303604639397783,medium_risk_messy,-1.1175916377699147
2.0,1.0,0.0,3.0,0.0,10.257475669937598,8.0,3.0,0.7184255362850344,30.081036505024905,14.208494327735599,medium_risk_messy,-0.6241438641054657
0.0,1.0,0.0,1.0,0.0,5.12487138786276,2.0,4.0,0.8066657039375498,14.859529408017263,14.720347367306719,low_risk_casual,-0.49316505315781445
1.0,0.0,0.0,1.0,1.0,8.799750794284666,5.0,3.0,0.7218891224211914,1.182286058711698,16.45035603996697,low_risk_casual,-1.8003473698004642
0.0,0.0,0.0,0.0,1.0,3.3730748322370845,0.0,3.0,0.9756434793240962,21.6096874943568,13.434896809549668,low_risk_casual,-2.146214604017877
7.0,2.0,1.0,10.0,1.0,8.225469156251199,8.0,1.0,0.6582514954101806,70.37848553589609,0.6687597112219534,high_risk_target,3.4184581618292924
4.0,3.0,2.0,9.0,3.0,12.84888784599173,8.0,2.0,0.9373048171287057,85.16091720885152,9.791751924860947,high_risk_target,6.520730855642764
1.0,1.0,1.0,3.0,2.0,8.071519859713371,8.0,1.0,0.9775155556831832,31.525619065012194,16.08405814595562,medium_risk_messy,-0.7715139992466041
4.0,1.0,0.0,5.0,0.0,8.283051279373698,8.0,3.0,0.7594008115215921,41.2649586606216,0.38345821499796484,medium_risk_messy,-1.22173555641427
3.0,1.0,2.0,6.0,5.0,10.918380865817468,8.0,3.0,0.7883683305670541,73.4844828630324,18.356948456407043,high_risk_target,6.011746364405835
1.0,0.0,0.0,1.0,6.0,13.067467995039646,5.0,2.0,0.6074098306983823,26.16613586996685,8.75554543779138,low_risk_casual,-2.028638885431546
1.0,0.0,0.0,1.0,3.0,6.693686331920978,5.0,4.0,0.9817606039324264,4.8670664442173255,9.57167464865547,low_risk_casual,-2.835016147030063
4.0,2.0,0.0,6.0,0.0,8.289602281191506,8.0,4.0,0.6877181130019323,31.177591592129996,14.12464997063564,medium_risk_messy,-0.4665679663145386
2.0,0.0,0.0,2.0,2.0,8.394353672230903,2.0,4.0,0.7252101418806325,4.22335020036696,16.3973629505401,low_risk_casual,0.9514653579846901
2.0,0.0,0.0,2.0,0.0,5.39141433448893,0.0,3.0,0.9386203103279451,0.30213404496849505,8.538106412726073,low_risk_casual,-5.045429019581011
5.0,0.0,0.0,5.0,2.0,6.228891922682585,5.0,1.0,0.7031020862512438,30.078964667387645,4.5285921017529995,medium_risk_messy,0.5887855182724135
1.0,1.0,0.0,2.0,0.0,5.655685640007356,2.0,4.0,0.8943741567749781,18.87340859736357,2.765510553556172,low_risk_casual,-3.1215889384799502
6.0,0.0,1.0,7.0,3.0,13.548158408643857,8.0,3.0,0.6144149509996749,30.989308310477803,18.65558249375469,medium_risk_messy,-1.0561222260514749
1.0,1.0,0.0,2.0,2.0,9.284454498633764,5.0,1.0,0.6007727657166021,29.55809964302705,14.515420939155547,low_risk_casual,0.5199704689244373
4.0,1.0,0.0,5.0,2.0,5.177515749576236,5.0,4.0,0.846160301883696,42.64130823641565,7.304884032307437,medium_risk_messy,1.703798876368633
2.0,1.0,0.0,3.0,0.0,1.4574798724448472,0.0,1.0,0.8338305891006028,6.334741122957809,0.7623649037698321,low_risk_casual,1.6956620577352504
1.0,0.0,0.0,1.0,1.0,5.632152804780737,0.0,4.0,0.7716762327840138,7.107777621943424,6.096262892902649,low_risk_casual,-2.2074684724027165
3.0,1.0,2.0,6.0,2.0,11.392653563183188,5.0,1.0,0.8714068277937657,47.88090482849403,3.9682020238712545,medium_risk_messy,2.9357008899946195
3.0,4.0,0.0,7.0,5.0,8.61309776670428,8.0,1.0,0.9260825510262599,83.67731368056391,1.6945736658063582,high_risk_target,4.939473884806029
4.0,2.0,0.0,6.0,1.0,7.282425718864799,5.0,4.0,0.9733105649516267,46.81618057250313,16.12033009206138,medium_risk_messy,-2.6809772827328735
0.0,1.0,0.0,1.0,1.0,2.4656751110314836,2.0,1.0,0.767349882043139,21.365645810223434,15.571276950935191,low_risk_casual,-2.6396525557775123
7.0,2.0,0.0,9.0,2.0,14.324997182475949,8.0,1.0,0.6880975509611442,89.71595715251453,17.244192815064782,high_risk_target,3.9150013872245433
5.0,1.0,0.0,6.0,2.0,11.532359871734144,10.0,4.0,0.6848111402008916,87.24568787089508,0.5908393722298655,high_risk_target,8.073372831244741
2.0,3.0,2.0,7.0,0.0,9.290281437121239,8.0,3.0,0.9810661712393466,69.3401772878825,7.7227279705714285,high_risk_target,6.062809562401735
3.0,1.0,0.0,4.0,2.0,11.591592190023182,8.0,2.0,0.8121052902553394,42.82224863712946,7.071822919146371,medium_risk_messy,2.5434123785394096
5.0,4.0,2.0,11.0,4.0,17.255967687059822,8.0,2.0,0.7941379588537673,82.48877256447071,16.603544859991747,high_risk_target,5.283191573479765
4.0,0.0,0.0,4.0,5.0,11.157917850959086,5.0,1.0,0.7589951969690512,54.47462553075886,4.3428080807534375,medium_risk_messy,0.950517209434623
5.0,1.0,0.0,6.0,3.0,8.0708986102405,8.0,2.0,0.824083761096378,52.889081661270694,8.586426839352725,medium_risk_messy,0.18693916458228257
0.0,1.0,1.0,2.0,1.0,6.575258638549131,5.0,1.0,0.9939486264454408,57.366888659988,17.55665207151629,medium_risk_messy,0.8368558609732932
2.0,0.0,0.0,2.0,0.0,12.752388847856498,0.0,4.0,0.6046288795021081,23.099768436561124,5.991853111704312,low_risk_casual,-3.1331260339511937
1.0,7.0,1.0,9.0,2.0,12.689291280209728,8.0,3.0,0.6592535688065532,75.80306721808476,13.076599276553553,high_risk_target,9.544362905329537
7.0,2.0,1.0,10.0,3.0,14.737762760960768,10.0,2.0,0.8472174716494949,87.26472092906391,1.2618936236643141,high_risk_target,5.597818280090497
3.0,1.0,1.0,5.0,2.0,9.186751438775719,8.0,4.0,0.6890414546164951,35.04423257684241,5.224003425478259,medium_risk_messy,-1.5602653085413916
2.0,0.0,0.0,2.0,1.0,5.941863096780165,5.0,2.0,0.8988033998387837,8.54568392882279,18.318554922075624,low_risk_casual,-3.7420253262274263
3.0,0.0,0.0,3.0,0.0,11.836748098712699,10.0,1.0,0.7877211985440028,79.47275221615644,18.49245635685057,high_risk_target,8.899991160834634
3.0,1.0,0.0,4.0,2.0,8.869320260067878,5.0,4.0,0.6916466455645596,26.66079644354395,4.635805552331593,low_risk_casual,2.2419871316902187
2.0,1.0,0.0,3.0,0.0,9.290557392622498,8.0,1.0,0.6969675255548844,43.72895623635525,3.686626979763825,medium_risk_messy,1.9556951293086628
2.0,0.0,0.0,2.0,1.0,16.084569452603006,5.0,3.0,0.7979177419767494,13.388600054230539,16.982644959770212,low_risk_casual,-2.122194659135364
0.0,0.0,0.0,0.0,3.0,9.191170688717852,2.0,3.0,0.6979358203238082,15.600586388685713,14.331072795579992,low_risk_casual,-1.861016774560733
2.0,0.0,0.0,2.0,4.0,16.376957330385927,5.0,2.0,0.9625416844382585,53.6565552602477,15.681235596569575,medium_risk_messy,-3.0060937187149612
1.0,0.0,0.0,1.0,1.0,3.943980197246444,0.0,1.0,0.8688457840395196,7.1486332934420425,12.144589005967815,low_risk_casual,-0.00861249125927599
0.0,0.0,0.0,0.0,3.0,7.131250837710391,5.0,4.0,0.9325666487721245,9.918024299100056,5.4914463110204315,low_risk_casual,-4.9175167850613875
3.0,2.0,1.0,6.0,3.0,9.018329125205561,8.0,3.0,0.6336006858082502,31.214634729849134,13.630520597733007,medium_risk_messy,0.47027059873237703
3.0,2.0,0.0,5.0,2.0,17.770053555485614,5.0,2.0,0.8337072808258004,54.394301708980095,0.9713330611859194,medium_risk_messy,2.545182016116421
9.0,6.0,0.0,15.0,2.0,38.865254460672354,8.0,2.0,0.8853847793465999,67.52959456569545,0.07155089200062692,high_risk_target,5.878807689807683
4.0,1.0,1.0,6.0,0.0,15.807201904275978,8.0,1.0,0.8211367183939073,44.336312313681915,5.0649072608050165,medium_risk_messy,-1.2600968626966822
6.0,0.0,0.0,6.0,2.0,10.676490239569372,10.0,2.0,0.9874054227532792,87.51234596596436,9.109423414587352,high_risk_target,3.531676267757972
1.0,1.0,0.0,2.0,1.0,8.604935686364472,0.0,4.0,0.7269416334401027,14.627953141486827,12.452520547238388,low_risk_casual,0.40824015159437144
5.0,4.0,0.0,9.0,1.0,12.476433497170472,8.0,3.0,0.6713593007714324,87.13421781843863,10.261388457268762,high_risk_target,6.365582572242255
5.0,0.0,1.0,6.0,5.0,16.84233283129326,10.0,1.0,0.7599848498335751,69.28625975586264,8.466534540450542,high_risk_target,2.1154003561791574
4.0,3.0,2.0,9.0,1.0,12.412752716651847,10.0,3.0,0.7673056323610303,68.65998908026381,11.186037441536541,high_risk_target,6.7071759565521765
3.0,0.0,0.0,3.0,0.0,14.09244054823221,5.0,4.0,0.9557787033406708,52.401793116030944,19.987298643853574,medium_risk_messy,2.48934035363499
4.0,2.0,1.0,7.0,0.0,5.005114112495428,5.0,4.0,0.9809965201737298,50.312459158533244,16.699390989623716,medium_risk_messy,1.7056885401886823
0.0,0.0,0.0,0.0,1.0,5.7116153539395516,2.0,1.0,0.7843888209022596,8.085318636548918,0.40984093755948914,low_risk_casual,-1.969484130198483
3.0,1.0,2.0,6.0,4.0,11.88648253035577,5.0,3.0,0.9077941549262348,51.41743752250903,4.895790380588496,medium_risk_messy,-0.7294945425326977
5.0,0.0,2.0,7.0,2.0,10.178472422954115,10.0,1.0,0.6860882581065515,69.11421377209103,1.3185777871496462,high_risk_target,3.5613391758104234
1.0,0.0,0.0,1.0,0.0,9.060299291012194,5.0,3.0,0.8793921871259549,21.390943691253117,15.605186618409558,low_risk_casual,-1.8954420351090984
1.0,0.0,0.0,1.0,3.0,2.676591435173541,2.0,2.0,0.905698248340952,22.193891158082973,11.65107674083988,low_risk_casual,-1.7430978655074139
0.0,0.0,0.0,0.0,2.0,0.9368325020626984,0.0,1.0,0.962149275304971,16.879623590139275,8.189414837775544,low_risk_casual,-3.1826092777578916
3.0,1.0,0.0,4.0,1.0,17.76990993870328,8.0,4.0,0.8279931276181265,49.48531480505771,6.690419482865946,medium_risk_messy,0.06762564478961575
2.0,1.0,0.0,3.0,1.0,3.2736554537598064,2.0,4.0,0.9603853984155055,18.900214063395698,19.529655524017418,low_risk_casual,-0.5900324425641217
5.0,3.0,0.0,8.0,3.0,19.82088734872008,10.0,3.0,0.7338890747658607,86.33496503670366,3.677464814419824,high_risk_target,4.2231083407953305
0.0,1.0,0.0,1.0,2.0,3.828899739151221,2.0,3.0,0.8146218684043197,9.756635741239027,15.037524887383817,low_risk_casual,-1.6842929379790874
4.0,3.0,0.0,7.0,4.0,11.718923577323519,8.0,2.0,0.846916430421047,47.19083880695165,8.103153440338817,medium_risk_messy,2.157675502056864
1.0,1.0,0.0,2.0,1.0,3.759603599720954,0.0,2.0,0.6296636423096122,17.156090681151962,17.829077462894986,low_risk_casual,-4.313024406811726
4.0,2.0,0.0,6.0,2.0,8.245780838244922,8.0,1.0,0.8049898816478068,46.22827080014781,14.242361126682706,medium_risk_messy,3.6997827713940867
4.0,1.0,0.0,5.0,4.0,10.176097179963989,8.0,4.0,0.8926583615679552,83.15416405434704,8.788964465858406,high_risk_target,3.1118018198268347
5.0,1.0,2.0,8.0,2.0,10.926631865917816,8.0,1.0,0.7054701834381957,60.97380425286829,1.300109788216126,high_risk_target,7.1539300500913185
4.0,3.0,0.0,7.0,2.0,8.498387432815608,8.0,4.0,0.9551272459859994,65.86267759915047,13.875158406981505,high_risk_target,4.151302717548526
5.0,4.0,1.0,10.0,1.0,9.300251423376828,8.0,4.0,0.6316517157898734,74.76234559606938,13.129430350603297,high_risk_target,5.124633225349278
5.0,2.0,0.0,7.0,2.0,12.98180941889041,8.0,1.0,0.6470398466394807,88.0361094492361,18.96618760860733,high_risk_target,2.3838814557468164
5.0,0.0,0.0,5.0,2.0,11.286543883017885,8.0,1.0,0.8827061127446525,82.46752921435558,14.448668460448262,high_risk_target,7.298056125996587
1.0,1.0,0.0,2.0,2.0,4.163285045067167,2.0,2.0,0.8102744223678024,20.14374093901084,18.943383834115192,low_risk_casual,-3.2471181105982803
2.0,1.0,0.0,3.0,1.0,9.46923403919716,8.0,3.0,0.8309366900785481,49.33097101477702,17.794706695661134,medium_risk_messy,-1.9088461992838202
3.0,2.0,3.0,8.0,3.0,12.184462591669314,8.0,2.0,0.8603515349983109,63.64868672040283,9.504930531744009,high_risk_target,6.2817766490272415
5.0,6.0,1.0,12.0,0.0,18.411841896976497,10.0,4.0,0.7645020751641316,63.13913420782877,9.206744632054704,high_risk_target,5.680551725503707
2.0,3.0,1.0,6.0,3.0,26.350044327172593,10.0,1.0,0.7498144609804165,68.42649819202799,1.6155842774868723,high_risk_target,3.4887617523849217
4.0,3.0,1.0,8.0,2.0,23.598641187038588,8.0,3.0,0.805753298604408,78.36627189771647,11.77518927130019,high_risk_target,6.226531089322288
4.0,3.0,0.0,7.0,0.0,13.417683470371976,10.0,2.0,0.8572051920739064,78.59898874388502,9.302471982955591,high_risk_target,7.275553561337325
2.0,4.0,2.0,8.0,2.0,12.475462048241296,8.0,4.0,0.6103228672764924,66.2666667814453,0.40559947534839935,high_risk_target,8.030827630696418
8.0,1.0,0.0,9.0,3.0,6.892090755463227,5.0,3.0,0.8976683988731275,58.374935133476086,17.94094776420382,medium_risk_messy,2.2929743174660766
2.0,2.0,0.0,4.0,2.0,16.212558090055904,5.0,3.0,0.8946626940875162,58.39691528936231,9.158491597217957,medium_risk_messy,3.556538478608954
1.0,0.0,0.0,1.0,0.0,15.203227405288889,5.0,1.0,0.9205488999501836,20.696661967152107,1.4047461173896214,low_risk_casual,-0.7197502487167571
0.0,0.0,0.0,0.0,5.0,8.525750268690269,5.0,3.0,0.6209395067238409,25.07077761578076,18.973123154131297,low_risk_casual,-0.25688806742371617
2.0,1.0,0.0,3.0,5.0,19.86894660036738,8.0,4.0,0.8824851943860261,55.81955662162851,0.6794264266590178,medium_risk_messy,0.6543411057555805
1.0,1.0,0.0,2.0,5.0,17.89485267572206,5.0,3.0,0.9873725103569879,5.7284657662632865,17.74337376589182,low_risk_casual,-3.1190164379099485
1.0,0.0,0.0,1.0,1.0,11.920419787990872,5.0,4.0,0.861848598318822,11.592466854917436,16.04577632727375,low_risk_casual,-2.7134184763528273
3.0,1.0,0.0,4.0,1.0,5.477515273857811,5.0,1.0,0.6327446023665175,38.15895323334248,6.016123221708682,medium_risk_messy,0.564513821164322
1.0,0.0,0.0,1.0,1.0,2.703921009667127,2.0,3.0,0.6244687020663775,9.006813346241591,3.118378718129118,low_risk_casual,-4.98927102218112
5.0,1.0,2.0,8.0,3.0,5.3078395149872035,5.0,4.0,0.7090190591572116,39.96929732219879,17.49978990048843,medium_risk_messy,-1.3121944720112828
3.0,6.0,1.0,10.0,2.0,10.318634722973796,8.0,4.0,0.6139000326936184,88.06636618535299,17.777685481676652,high_risk_target,7.538511343797241
1.0,0.0,0.0,1.0,5.0,3.4784701047702202,2.0,2.0,0.8752697746889053,25.53846636649593,19.71948635371039,low_risk_casual,-0.6414123600353014
1.0,0.0,0.0,1.0,1.0,9.701702137283155,5.0,4.0,0.7734180492629439,0.4268467118749797,4.791897659307827,low_risk_casual,-3.420273213674764
2.0,1.0,0.0,3.0,2.0,5.318322762480415,5.0,1.0,0.6259596868926899,57.06582870367136,12.51866073697414,medium_risk_messy,3.651074076047976
7.0,3.0,2.0,12.0,4.0,12.871702464074932,8.0,4.0,0.7060723500521291,50.017344858997184,16.70491095476005,medium_risk_messy,-2.4785749346087607
5.0,1.0,0.0,6.0,0.0,7.4207069329965325,5.0,1.0,0.6722384831618894,37.681334591283836,0.768667856027272,medium_risk_messy,1.538433385790279
0.0,0.0,0.0,0.0,1.0,4.566172190322081,2.0,2.0,0.7974291173075925,20.038012063672273,13.93094128571408,low_risk_casual,-3.033452085778041
4.0,2.0,1.0,7.0,3.0,8.48590276239554,5.0,1.0,0.6684043417672914,45.306478022352124,8.517371217662875,medium_risk_messy,1.1330819741633122
6.0,0.0,1.0,7.0,2.0,6.802140498853138,5.0,4.0,0.7352574152896785,40.97989224869808,5.0178475270770235,medium_risk_messy,-1.2969384000382749
2.0,2.0,1.0,5.0,1.0,9.634730373892928,5.0,3.0,0.9062193416397263,37.37515013041553,1.3826667163497874,medium_risk_messy,0.8983331104694648
3.0,0.0,1.0,4.0,2.0,10.056312448326949,10.0,1.0,0.9337111596221823,87.13968187226489,6.175840596011919,high_risk_target,3.368998473380638
4.0,0.0,0.0,4.0,4.0,10.30173770067559,10.0,3.0,0.9779341812082949,88.6277532454593,15.592172850849302,high_risk_target,3.022941984268199
3.0,1.0,0.0,4.0,1.0,14.067704761065844,5.0,2.0,0.9305595094978534,21.206185366303156,5.23858489696458,low_risk_casual,2.481853112411585
1.0,0.0,0.0,1.0,2.0,4.542007108975364,2.0,4.0,0.8040077518912127,13.893541018513512,14.380343090238696,low_risk_casual,-2.0617015276505453
2.0,1.0,0.0,3.0,1.0,5.680927485402004,5.0,3.0,0.9688370614289327,38.21615459116113,15.022967356451653,medium_risk_messy,2.850250373174079
2.0,3.0,1.0,6.0,3.0,22.476283772859688,10.0,1.0,0.6763017318973056,64.17177377381789,17.659509996617942,high_risk_target,6.423220447309175
6.0,3.0,0.0,9.0,2.0,14.602986585339703,8.0,3.0,0.7291257990855373,79.57580633251257,10.90976296113924,high_risk_target,5.803462810833278
2.0,0.0,0.0,2.0,1.0,5.525930078589996,2.0,4.0,0.7187780383814288,25.427220893707876,15.82976764689515,low_risk_casual,-3.2205118007289535
5.0,3.0,0.0,8.0,2.0,16.25568289280089,8.0,1.0,0.7857611625282583,50.211349431625464,16.349965130513333,medium_risk_messy,0.5196024211897285
5.0,5.0,1.0,11.0,1.0,12.550017103176241,10.0,4.0,0.8592463377138781,84.79089554569393,7.285815093471579,high_risk_target,4.651558995358918
1.0,0.0,0.0,1.0,3.0,5.178628798729728,0.0,2.0,0.9430350703049606,18.814151821833526,1.1718177542027086,low_risk_casual,-5.109729496269519
3.0,2.0,0.0,5.0,2.0,8.904824143991931,8.0,3.0,0.87023994726965,33.45491735713577,4.9936077596102235,medium_risk_messy,1.2902556775876828
6.0,3.0,2.0,11.0,0.0,24.87336541576162,10.0,2.0,0.7358292564832678,76.30603135122371,6.704463604271433,high_risk_target,5.214204903529229
0.0,1.0,0.0,1.0,1.0,11.17772763838367,5.0,1.0,0.7612917890723183,35.22327742599705,14.174430074971687,medium_risk_messy,2.8197603432360627
7.0,2.0,3.0,12.0,1.0,10.379324898731683,10.0,4.0,0.7802493700432676,81.24442003795671,8.477995039939966,high_risk_target,5.067127109742432
3.0,1.0,0.0,4.0,1.0,7.059852377008002,5.0,4.0,0.6489154884722398,20.373864940045856,16.97175314061756,low_risk_casual,-5.046344928347695
1.0,1.0,1.0,3.0,1.0,10.455280812902737,10.0,3.0,0.6147111170932359,86.64026538007914,18.0866569506508,high_risk_target,3.93717719772315
7.0,3.0,2.0,12.0,3.0,10.819016697086298,10.0,2.0,0.686028588586021,86.99278846104772,13.124559808176134,high_risk_target,7.209994403608829
1.0,3.0,0.0,4.0,1.0,25.503009222853642,8.0,3.0,0.6869848334365551,55.152381935021126,18.5760803999558,medium_risk_messy,-0.7550622971196503
2.0,2.0,0.0,4.0,1.0,11.118761280227268,8.0,4.0,0.7673475640528029,63.46670096509016,18.578934711452465,high_risk_target,5.508813757493304
1.0,4.0,1.0,6.0,1.0,10.172649834194385,8.0,4.0,0.8713440359131608,56.56571516259591,5.7237249336826785,medium_risk_messy,0.9690262615455446
0.0,0.0,0.0,0.0,2.0,2.922743728557237,2.0,3.0,0.7487440461332378,2.2188956181286787,5.976061281665492,low_risk_casual,0.4263583767831798
0.0,0.0,0.0,0.0,1.0,2.0526822449665234,0.0,1.0,0.8992581076412565,20.874069444773404,19.844971583111505,low_risk_casual,-0.9342165595459202
3.0,1.0,1.0,5.0,2.0,14.533099944890253,8.0,3.0,0.7787663151427773,82.45753041010599,14.680087011992091,high_risk_target,3.911007291160626
2.0,1.0,2.0,5.0,1.0,15.053561416191984,10.0,4.0,0.8377637535236292,89.53402119277848,1.3957156800092951,high_risk_target,3.339688890044635
2.0,1.0,0.0,3.0,1.0,3.6554398947759137,0.0,1.0,0.7245622580179512,6.184384808404922,2.421625964829255,low_risk_casual,-2.040384205947533
2.0,3.0,1.0,6.0,3.0,16.259767267675684,10.0,2.0,0.7834643284151951,80.96658255351204,15.371503448187969,high_risk_target,7.246353893203366
0.0,2.0,0.0,2.0,0.0,12.893908517938424,2.0,1.0,0.8133352459570289,0.16782467645608534,17.159904454547174,low_risk_casual,-3.6865966225699047
3.0,2.0,2.0,7.0,1.0,5.051432911761063,5.0,1.0,0.8057283729563646,43.425268970590196,15.96989067053125,medium_risk_messy,1.404060647334653
4.0,5.0,3.0,12.0,1.0,19.3629972499595,10.0,4.0,0.9967988036059404,77.3680967822101,3.6578754465839847,high_risk_target,7.156250791589544
1.0,2.0,0.0,3.0,1.0,11.472566175140354,5.0,1.0,0.8861827821439265,50.01655831780377,14.045972392757815,medium_risk_messy,-0.1724341960149055
5.0,3.0,2.0,10.0,1.0,9.386914194379766,8.0,2.0,0.6658964153453087,83.69736005108535,0.843008339258684,high_risk_target,7.782915933911884
8.0,3.0,1.0,12.0,5.0,8.639182480397059,8.0,4.0,0.8257356892728693,89.0967402564529,15.858249484332953,high_risk_target,4.575511380320139
5.0,1.0,0.0,6.0,3.0,10.169100570886306,10.0,3.0,0.9747095798092007,78.86235677484213,16.06248332358077,high_risk_target,8.818594101252927
0.0,1.0,0.0,1.0,1.0,3.3975054717895077,2.0,4.0,0.7767856435787077,14.139132052695247,12.89029648869593,low_risk_casual,-4.075409644068951
1.0,0.0,0.0,1.0,2.0,16.515355038578313,8.0,3.0,0.6260183830948562,40.1089436354049,19.49745066862486,medium_risk_messy,-1.591435327041223
4.0,1.0,2.0,7.0,5.0,5.518129820984026,5.0,4.0,0.6409601399184005,33.90985093769077,14.746305476261941,medium_risk_messy,3.492981263189243
0.0,0.0,0.0,0.0,4.0,12.384705799040336,5.0,2.0,0.766428094221312,37.161440518051904,1.8686373368499853,medium_risk_messy,-1.7864989950367953
5.0,3.0,0.0,8.0,2.0,14.103396821665347,8.0,3.0,0.965525919334485,50.83067666985813,19.35624273983046,medium_risk_messy,-0.06836265766097861
0.0,0.0,0.0,0.0,2.0,1.4902788774024023,0.0,2.0,0.6984396490305264,26.94352750810684,13.583949107045592,low_risk_casual,-2.6285012415997517
4.0,0.0,0.0,4.0,2.0,25.1789824464373,8.0,3.0,0.670089716946446,30.112352841338545,15.494432452186832,medium_risk_messy,1.8452363211070966
1.0,1.0,1.0,3.0,1.0,8.893225853735208,5.0,4.0,0.6320130279063746,56.210059669539945,4.84659622907478,medium_risk_messy,0.3222319177123553
0.0,1.0,0.0,1.0,4.0,4.8946938825553685,0.0,4.0,0.7056975747248849,23.747252891789735,18.199101265452185,low_risk_casual,1.0742756217635998
5.0,1.0,1.0,7.0,1.0,23.86081856646934,8.0,1.0,0.9507391096616448,69.27806636376569,10.870878292988841,high_risk_target,6.167674163078118
2.0,2.0,0.0,4.0,2.0,13.121005459286348,8.0,3.0,0.8601462241981783,41.880730389070386,15.139895189793112,medium_risk_messy,-0.8704963940103366
1.0,0.0,0.0,1.0,6.0,7.012802694351968,5.0,2.0,0.824609839509258,6.789128584537036,12.739152360415991,low_risk_casual,-5.014571345688857
1.0,0.0,0.0,1.0,1.0,4.412329869429725,0.0,1.0,0.6206883530218613,16.436124319116594,4.220766604172308,low_risk_casual,-2.9737937149784495
2.0,4.0,0.0,6.0,1.0,18.31924279399976,8.0,4.0,0.6199161012750837,82.21556818853603,7.003788114616887,high_risk_target,4.6571119510459456
4.0,0.0,1.0,5.0,1.0,11.990419244226763,5.0,2.0,0.9155803586164935,54.60178097238761,15.19994316661937,medium_risk_messy,-1.9306810790534368
4.0,3.0,2.0,9.0,0.0,10.136036898731131,8.0,2.0,0.6142420906066035,66.96554350410875,16.090651914862477,high_risk_target,3.3467569643057056
5.0,0.0,0.0,5.0,2.0,16.12933750195794,8.0,4.0,0.7177856395364641,67.54993305136412,0.27319766870584017,high_risk_target,5.478464333800084
5.0,2.0,0.0,7.0,1.0,18.57709769760883,8.0,2.0,0.8459029554962594,43.39797904045881,16.75038630729547,medium_risk_messy,-0.6075737995949327
5.0,1.0,2.0,8.0,2.0,8.274023937117812,8.0,1.0,0.7244769777417506,75.30787938661948,8.993597017703145,high_risk_target,2.4486622379301113
0.0,0.0,0.0,0.0,1.0,18.53283273379036,0.0,1.0,0.6050370450669978,20.38524068209666,17.96447037664324,low_risk_casual,-5.651611483785977
1.0,3.0,0.0,4.0,2.0,5.925459854475555,5.0,2.0,0.6783356967576935,14.734229074039863,9.705065091864537,low_risk_casual,0.0045420713512203115
3.0,1.0,0.0,4.0,1.0,22.306937310284468,5.0,2.0,0.847658854419676,35.27429650231771,10.591764052765793,medium_risk_messy,-1.6508877896884697
0.0,0.0,0.0,0.0,0.0,7.481041214614742,0.0,3.0,0.9114212102074168,3.135226879281723,15.522788073830442,low_risk_casual,-1.2163399796544083
0.0,1.0,0.0,1.0,3.0,7.87040602352813,5.0,4.0,0.9107325477793154,17.147667458901577,7.428338239864642,low_risk_casual,-2.2271762272421007
5.0,3.0,2.0,10.0,1.0,17.243221949823326,10.0,2.0,0.912067008890049,81.85926971150701,6.779661786763416,high_risk_target,4.234832314555133
1.0,3.0,2.0,6.0,1.0,11.839349409995437,10.0,3.0,0.8502668722526372,62.87006131284638,18.208221791562323,high_risk_target,5.080660801778288
1.0,0.0,0.0,1.0,1.0,10.763384000692817,5.0,3.0,0.6049553287615023,24.604609760569435,7.987906960871016,low_risk_casual,-5.562849799103262
2.0,3.0,2.0,7.0,0.0,8.546864269267813,8.0,3.0,0.9529586139065456,87.36193358629167,19.13127857122338,high_risk_target,3.498746356046489
4.0,3.0,1.0,8.0,1.0,17.652544771187905,8.0,2.0,0.8188244859194505,30.169890015773902,19.100565245318524,medium_risk_messy,-0.5990988223983843
3.0,1.0,0.0,4.0,0.0,8.439615692393087,5.0,2.0,0.9322333300457806,48.99320468153195,7.10898927160957,medium_risk_messy,1.5471154124136268
3.0,3.0,0.0,6.0,2.0,8.362419777515534,5.0,4.0,0.7806930339504167,18.747487865582382,0.31548779542891925,low_risk_casual,-2.9914118931497993
2.0,2.0,0.0,4.0,3.0,6.509566869557868,5.0,4.0,0.8974947259809782,26.13818722852184,10.561168437842491,low_risk_casual,-5.129947786883559
1.0,0.0,3.0,4.0,1.0,5.006577491596229,5.0,2.0,0.8292511693090259,36.41885192522386,15.619488014361046,medium_risk_messy,-1.2017743517076251
2.0,1.0,0.0,3.0,2.0,7.191112962653542,2.0,4.0,0.6755033911736416,17.11680155222694,1.2603355775074165,low_risk_casual,-2.5543422199653434
2.0,0.0,1.0,3.0,1.0,9.2980554978162,5.0,3.0,0.9993227721527953,57.397368584649485,13.89930537637278,medium_risk_messy,-0.08655917577626734
7.0,9.0,0.0,16.0,3.0,13.720892210964607,8.0,4.0,0.7603754943985438,82.700753198281,8.616347815742515,high_risk_target,4.861404692967556
3.0,1.0,0.0,4.0,2.0,11.014972344426107,5.0,2.0,0.6536953676374974,31.924057567121498,1.4834526056984476,medium_risk_messy,-1.3603371526150958
6.0,4.0,0.0,10.0,2.0,13.631863619472705,10.0,3.0,0.9955350531120374,62.40276482640736,15.6591553193456,high_risk_target,6.658130640331546
2.0,0.0,0.0,2.0,2.0,7.00886140282654,5.0,1.0,0.8613086263330975,17.750064617805116,1.0739437587874856,low_risk_casual,-1.4341068585151833
5.0,1.0,1.0,7.0,2.0,8.099137722110076,8.0,3.0,0.7945703340104286,67.70224804024647,2.689140815341289,high_risk_target,6.94097691922676
4.0,1.0,0.0,5.0,3.0,9.355491224911425,5.0,2.0,0.8638121276119922,50.181375794603106,10.952613027603551,medium_risk_messy,-2.516529258734576
2.0,0.0,0.0,2.0,4.0,6.5297254939564136,5.0,4.0,0.8737541698368294,32.87303658598881,10.675398848640484,medium_risk_messy,-2.3088244331259524
3.0,0.0,1.0,4.0,3.0,8.67655827028827,8.0,1.0,0.7804656014750384,46.56645204163888,12.072890490119757,medium_risk_messy,1.447710427236939
2.0,0.0,0.0,2.0,3.0,2.7273177555567845,2.0,3.0,0.9496346850109748,3.014842777192621,14.42042078605503,low_risk_casual,-0.214678901072624
1.0,0.0,0.0,1.0,2.0,5.33174338439523,5.0,4.0,0.6382594398224026,47.97874746660424,3.2971348189310024,medium_risk_messy,3.917128133914121
9.0,1.0,2.0,12.0,0.0,24.225801389117112,10.0,2.0,0.6934316332487465,65.39533340506624,14.71968977514159,high_risk_target,5.0357442129354135
8.0,1.0,0.0,9.0,3.0,18.734991994029265,8.0,1.0,0.6983308530532866,77.48608083576129,14.576443601854908,high_risk_target,4.551581456411865
2.0,2.0,1.0,5.0,3.0,9.442785476139992,8.0,1.0,0.9343796443646273,47.74586392066119,18.71811170639632,medium_risk_messy,-0.07320532538989419
1.0,0.0,1.0,2.0,2.0,5.917296555835094,5.0,2.0,0.7746458248806906,44.2897834175659,1.8484220090635728,medium_risk_messy,-2.2600883383287296
2.0,1.0,1.0,4.0,0.0,13.539938512508346,10.0,1.0,0.9245812121654762,87.11237311826825,16.570771518540987,high_risk_target,1.4562066355071126
8.0,0.0,0.0,8.0,2.0,5.4787502093271785,5.0,2.0,0.7286353056896195,46.90048087118892,0.38870310364603977,medium_risk_messy,1.2737403167908063
0.0,0.0,0.0,0.0,4.0,7.257654397576012,5.0,4.0,0.8482236781675995,31.63230383250534,8.397391817406136,medium_risk_messy,2.750919355336106
4.0,1.0,0.0,5.0,2.0,9.155493540307434,8.0,4.0,0.8720244113227347,44.03514039374145,17.945653442710437,medium_risk_messy,1.1909179865573738
3.0,2.0,0.0,5.0,2.0,11.931280452095185,5.0,1.0,0.7924204509905273,35.23070122952615,13.480523582522654,medium_risk_messy,3.5383961577548857
1.0,2.0,0.0,3.0,3.0,4.525925518512125,2.0,1.0,0.6010110199327635,9.709883431074008,2.023021158368572,low_risk_casual,-5.9175473225911865
2.0,0.0,0.0,2.0,3.0,0.8058744829265638,0.0,4.0,0.7501988965286484,18.419853721044515,2.214970156610181,low_risk_casual,-4.104658939206391
7.0,6.0,1.0,14.0,3.0,9.165264650317427,8.0,3.0,0.7165833670631587,74.75749259257131,2.345435391078212,high_risk_target,4.04893110652929
0.0,0.0,0.0,0.0,1.0,9.590418453913731,0.0,4.0,0.7360435746011476,28.795302802155554,3.574122418652177,low_risk_casual,1.539826135311186
2.0,5.0,0.0,7.0,2.0,10.438430722059584,10.0,2.0,0.6320830831254903,75.04735949719368,15.021583878048725,high_risk_target,6.819925081721117
6.0,3.0,1.0,10.0,4.0,15.535289320535709,10.0,4.0,0.8210989790386813,61.16917091905269,19.352941854656173,high_risk_target,4.998783035355421
1.0,2.0,0.0,3.0,2.0,5.669376666861715,5.0,4.0,0.9202771203666924,58.184426631446264,9.042044115286284,medium_risk_messy,2.3932542416544846
4.0,0.0,0.0,4.0,3.0,8.585387910607615,8.0,3.0,0.8111639311775697,38.558931626706844,4.318512018779151,medium_risk_messy,2.323006096963952
0.0,0.0,0.0,0.0,4.0,5.140093186936209,5.0,4.0,0.672250870464631,3.6169348746600107,12.950155148024747,low_risk_casual,-2.369753512490531
5.0,5.0,0.0,10.0,2.0,12.932041872803076,10.0,2.0,0.737584245433427,65.05223847030089,18.162641131212617,high_risk_target,4.128578335230526
6.0,6.0,0.0,12.0,2.0,12.168244500640029,8.0,1.0,0.9386576257330713,86.30499086839116,8.2946527274028,high_risk_target,4.934251029695131
0.0,2.0,0.0,2.0,5.0,0.20421226916338336,0.0,4.0,0.953767189937855,7.395489732291452,2.251090147310315,low_risk_casual,-4.290174049417073
5.0,4.0,0.0,9.0,1.0,27.903728979034305,8.0,2.0,0.6602163253058144,87.35375821099807,18.461716384788588,high_risk_target,6.717181091864401
1.0,1.0,0.0,2.0,2.0,6.080382620112421,5.0,4.0,0.9898687582065026,37.38282408286332,4.661881417241127,medium_risk_messy,-0.34589334969065627
4.0,2.0,1.0,7.0,1.0,17.70014416912656,8.0,2.0,0.8807449707296864,55.181125906136714,4.543825063644322,medium_risk_messy,0.22910237646035336
1.0,2.0,0.0,3.0,0.0,16.86194714167344,5.0,4.0,0.9020749096993042,59.268701114469636,4.290804424065731,medium_risk_messy,-1.8345555029051253
4.0,2.0,0.0,6.0,2.0,12.00917290535614,10.0,4.0,0.861924520012143,70.3354201669806,13.697089583578316,high_risk_target,1.1982908210080745
1.0,0.0,0.0,1.0,2.0,17.94350484736929,5.0,1.0,0.8673037748832697,33.14817540983849,3.6495266219845868,medium_risk_messy,-2.738927549312116
4.0,1.0,0.0,5.0,0.0,11.48666812270517,5.0,4.0,0.6637184369884386,58.639983033755016,7.443737941361965,medium_risk_messy,3.529651767583472
2.0,0.0,0.0,2.0,0.0,2.9893792553097382,2.0,4.0,0.7056108382787656,2.487525621383837,12.855653783718825,low_risk_casual,-4.101784464797392
3.0,1.0,0.0,4.0,3.0,11.625400662792398,5.0,1.0,0.8507107896184921,46.85266357633171,11.069229438498704,medium_risk_messy,2.1279078744464353
1.0,0.0,0.0,1.0,2.0,4.737618322997798,2.0,4.0,0.9819631635740014,3.3480959835567536,19.178092096904106,low_risk_casual,-2.8431646228805856
5.0,0.0,0.0,5.0,2.0,11.903010840230658,8.0,2.0,0.9361344952884333,45.273410774666374,2.966034696154942,medium_risk_messy,2.090112290462412
0.0,0.0,0.0,0.0,0.0,5.104457659381604,2.0,4.0,0.6796385576280279,25.332690817809898,18.812906867210476,low_risk_casual,-0.4354999201195091
3.0,0.0,0.0,3.0,1.0,14.486928600724958,5.0,1.0,0.7729390953352526,12.355903961593551,16.548914719592265,low_risk_casual,0.08520886324891563
0.0,0.0,0.0,0.0,4.0,0.802502121993539,0.0,1.0,0.7594537339382138,19.3982171051788,6.7834724000448805,low_risk_casual,1.9872709704891687
0.0,0.0,0.0,0.0,1.0,6.187926161299306,5.0,4.0,0.9344027998889399,9.467199245399252,0.9379648189033563,low_risk_casual,-3.9154329957788168
2.0,5.0,3.0,10.0,1.0,17.492017380884544,8.0,3.0,0.8158026295937182,69.80460918755196,13.8184114014239,high_risk_target,7.2129143045892885
3.0,2.0,0.0,5.0,1.0,11.984489497937968,8.0,2.0,0.6249700734730054,52.424788676442,13.046924951662763,medium_risk_messy,-0.4916966348879667
1.0,0.0,0.0,1.0,1.0,9.020041529735991,0.0,3.0,0.7049478341155899,17.103098746419082,14.080819866214735,low_risk_casual,-2.2890521911253745
5.0,1.0,2.0,8.0,3.0,12.236606903942567,8.0,3.0,0.7183970500575868,80.44605000625413,6.5237012255581845,high_risk_target,2.3885000455168957
4.0,5.0,1.0,10.0,2.0,11.100644162172868,10.0,4.0,0.745625148718664,84.29614857123983,13.339390590964125,high_risk_target,6.453704998141005
1.0,1.0,0.0,2.0,1.0,7.401814161792194,5.0,4.0,0.9492637436757618,29.92143380441439,0.6432494995410054,low_risk_casual,-2.177295565595396
2.0,1.0,0.0,3.0,0.0,6.827508939046931,2.0,4.0,0.6930525945638554,16.116166691588994,16.119651779433998,low_risk_casual,-1.0758483680037194
2.0,1.0,0.0,3.0,4.0,10.591931055146025,8.0,4.0,0.9555966554225329,39.2582304490631,1.099069077372532,medium_risk_messy,-0.9464924445547892
4.0,0.0,1.0,5.0,3.0,17.174217143607635,8.0,1.0,0.854911924049235,43.77880683538693,15.754037653978957,medium_risk_messy,-1.9307105710712629
1.0,3.0,0.0,4.0,2.0,9.367948622741316,2.0,4.0,0.9097594148069023,6.603882625072925,5.249126059697806,low_risk_casual,-0.6900164242757778
1.0,1.0,0.0,2.0,4.0,4.375457267126134,2.0,2.0,0.6828288701560974,12.632141945809014,7.540709935863575,low_risk_casual,0.29322546217719125
5.0,1.0,0.0,6.0,2.0,8.334441494542581,8.0,3.0,0.9011477778014283,33.36604100296928,13.15556814476357,medium_risk_messy,0.9083236990203967
0.0,0.0,0.0,0.0,1.0,6.53097923223247,2.0,4.0,0.755505860846764,1.5598029423390092,7.739981185086178,low_risk_casual,-4.768055271827857
3.0,2.0,2.0,7.0,5.0,10.59034278083579,8.0,2.0,0.6377828205074877,67.11942482684255,7.41608395089695,high_risk_target,5.032013746935895
2.0,0.0,0.0,2.0,3.0,17.6425788007557,8.0,3.0,0.8990298544216442,57.899543494024044,14.610852629931582,medium_risk_messy,0.13156937894949888
9.0,2.0,2.0,13.0,1.0,10.3488364682504,8.0,3.0,0.7525473857946858,89.0788398614724,5.253952637938033,high_risk_target,3.7983407218081706
4.0,4.0,0.0,8.0,2.0,10.764030309649089,10.0,4.0,0.903594576177393,76.14758239034296,1.8179780294909564,high_risk_target,3.5251322220320493
1.0,0.0,0.0,1.0,1.0,15.315224471640745,0.0,3.0,0.7583644603050734,24.421646169360276,14.366966490414853,low_risk_casual,-1.950060273236071
5.0,2.0,0.0,7.0,3.0,8.869641600678415,8.0,3.0,0.6948526409533292,36.12794274999016,4.700575742362673,medium_risk_messy,1.5558755351606133
1.0,2.0,0.0,3.0,1.0,8.382564943569006,5.0,3.0,0.8974036608575425,49.18985952139623,17.701517250858963,medium_risk_messy,-0.2886609356061882
1.0,0.0,0.0,1.0,6.0,1.4545001230212498,0.0,3.0,0.7931813452866663,16.720351941494005,5.963945963018588,low_risk_casual,-1.3490297753507647
3.0,1.0,0.0,4.0,4.0,9.744784565257481,5.0,1.0,0.869609178640653,30.65860505631062,2.0884489231781633,medium_risk_messy,2.199168928655339
9.0,0.0,1.0,10.0,2.0,17.580989862290508,8.0,3.0,0.69987242573573,89.16146894327143,12.178097220600758,high_risk_target,4.404177344003858
2.0,6.0,0.0,8.0,2.0,17.469547925116117,8.0,3.0,0.8136993691691301,48.66939892367633,6.025267957067251,medium_risk_messy,3.8896572831362084
6.0,3.0,1.0,10.0,1.0,18.018671547585868,8.0,3.0,0.7997618245520979,66.79394075032185,9.494555705409669,high_risk_target,5.295276200773833
3.0,1.0,0.0,4.0,3.0,11.12313109491939,8.0,4.0,0.9448074556042666,36.84266594309818,7.978755417454919,medium_risk_messy,-1.9242870577186288
3.0,0.0,0.0,3.0,2.0,0.7306115262264883,0.0,2.0,0.9638102237449319,10.20675724567176,16.557407590123475,low_risk_casual,-2.762474574545747
3.0,0.0,0.0,3.0,0.0,6.621050453025736,5.0,3.0,0.9053996301726821,25.81575678216111,6.364135919921743,low_risk_casual,-2.4143233781880804
5.0,1.0,3.0,9.0,3.0,9.483531843564421,8.0,1.0,0.9517293699478879,77.77336322371244,18.753642043189405,high_risk_target,7.838128826715042
2.0,0.0,0.0,2.0,2.0,11.766403473726523,5.0,3.0,0.6207644678676251,53.05614291034248,16.745625473981168,medium_risk_messy,-3.8991803454520655
3.0,1.0,0.0,4.0,2.0,2.1865971359354104,2.0,4.0,0.9192731958299372,27.259666840210787,2.5440823867556173,low_risk_casual,-5.021092100738993
4.0,1.0,1.0,6.0,0.0,8.96496013636806,8.0,1.0,0.8553825794868117,35.483656000946986,18.859403788619115,medium_risk_messy,-1.375568589650862
1.0,0.0,0.0,1.0,1.0,10.486430737382543,2.0,3.0,0.8750405715682934,2.2235752315787414,19.85806981798529,low_risk_casual,1.2506606181503899
3.0,1.0,0.0,4.0,1.0,8.727780516487668,8.0,3.0,0.6585503754672628,42.788427187636046,2.7954332218698896,medium_risk_messy,-2.723350060927262
2.0,0.0,0.0,2.0,2.0,9.762825277901404,8.0,4.0,0.9331606891298385,38.48658216205665,5.077550966113094,medium_risk_messy,0.010460038687152048
7.0,1.0,0.0,8.0,1.0,13.538998475530938,10.0,3.0,0.641399001437427,80.16676141641526,5.070123778500292,high_risk_target,0.8306701292501542
2.0,0.0,1.0,3.0,4.0,24.499705400862887,8.0,3.0,0.6640302635874806,80.50082384620089,1.9540820738118692,high_risk_target,8.594251633250238
1.0,1.0,0.0,2.0,2.0,5.251515522601484,5.0,1.0,0.7894158587595562,25.683906610591375,14.93133347606786,low_risk_casual,-1.6577580653853468
2.0,0.0,0.0,2.0,5.0,6.825237295356816,0.0,2.0,0.7432341207573513,1.4343319110743935,17.88456085480494,low_risk_casual,-4.356359374668553
4.0,1.0,1.0,6.0,6.0,21.51164600955073,5.0,1.0,0.966870174049626,30.68706484394737,14.830802738952665,medium_risk_messy,0.865700805039948
1.0,0.0,0.0,1.0,3.0,5.29840163284028,0.0,2.0,0.9048930248176772,17.32197801399273,10.408175293651974,low_risk_casual,-1.566560715754234
5.0,2.0,0.0,7.0,2.0,9.669301292463114,8.0,2.0,0.8638912561619536,85.11223337457284,11.502681088073148,high_risk_target,2.1663529441016203
1.0,0.0,0.0,1.0,1.0,1.6913910706509987,0.0,4.0,0.6292700395072008,25.860531483900502,1.7895676596483479,low_risk_casual,-2.3731465061107295
1.0,8.0,1.0,10.0,1.0,11.614284607084947,10.0,1.0,0.8368257231019667,88.56711856247232,10.802334187256402,high_risk_target,9.342385722124991
2.0,1.0,1.0,4.0,1.0,14.506240260416902,10.0,1.0,0.7636030946945093,86.64533731135148,10.479484053714279,high_risk_target,5.754459173189692
3.0,2.0,0.0,5.0,1.0,14.393437478131743,5.0,3.0,0.7861114288048029,39.91035275294976,13.13462412446924,medium_risk_messy,-2.064929951936205
7.0,3.0,2.0,12.0,1.0,11.972470381110236,10.0,4.0,0.7768242841576892,84.16421204039474,12.572710931394049,high_risk_target,3.166183407839518
2.0,6.0,3.0,11.0,1.0,12.106546614143713,10.0,4.0,0.7186825156679598,80.98136597199664,11.255401416030633,high_risk_target,6.685619691427483
2.0,1.0,0.0,3.0,1.0,8.327063833079755,8.0,1.0,0.6701645166621644,58.14705966766898,2.8219559285785056,medium_risk_messy,-0.2660513519284471
4.0,1.0,0.0,5.0,2.0,10.309911387640016,8.0,2.0,0.6242209024965042,42.444920156668616,13.73642431984592,medium_risk_messy,-2.1080969906336433
4.0,2.0,0.0,6.0,0.0,6.422159437717394,5.0,2.0,0.667808064131785,34.69902543571556,15.132049965877092,medium_risk_messy,2.0455211132824496
5.0,1.0,0.0,6.0,1.0,13.588217191917744,8.0,3.0,0.9906462875970239,33.9629520518622,4.326579403325415,medium_risk_messy,0.6057905250858622
2.0,1.0,0.0,3.0,2.0,3.070908565726125,0.0,3.0,0.9719204345230891,29.368254365441324,17.34846243669457,low_risk_casual,-8.349497876266952
2.0,8.0,2.0,12.0,1.0,18.65380815874498,8.0,3.0,0.7555180475845611,60.714181297750294,2.382001152187112,high_risk_target,4.365303089110759
12.0,3.0,0.0,15.0,2.0,10.9646176189727,10.0,3.0,0.6835629728091708,82.86740295050144,18.952129908098104,high_risk_target,4.35678484057483
3.0,2.0,0.0,5.0,3.0,5.42761938801976,5.0,3.0,0.6445044989237874,58.65858588005467,18.026467483255434,medium_risk_messy,0.9619093134665841
5.0,3.0,0.0,8.0,3.0,9.316684630346646,8.0,4.0,0.8546177954306897,65.78803308878386,13.786802312652089,high_risk_target,3.8169682606588653
2.0,0.0,1.0,3.0,1.0,9.275052667602077,8.0,1.0,0.6017926773302115,36.517397174426414,10.02465453356816,medium_risk_messy,3.9232589465963583
2.0,5.0,3.0,10.0,2.0,10.250373466553176,10.0,2.0,0.6147174897188874,75.75654754892702,7.557712815454478,high_risk_target,7.096672188561477
4.0,1.0,0.0,5.0,3.0,11.388893478963311,8.0,3.0,0.7298314636661116,67.2153612721661,3.6577530179310536,high_risk_target,4.202140610000647
2.0,0.0,0.0,2.0,3.0,8.286243239077875,8.0,4.0,0.7712512202840567,35.59000429033222,19.665152219231395,medium_risk_messy,1.586790403551115
5.0,6.0,0.0,11.0,4.0,23.717490296105666,10.0,3.0,0.8204965272490471,84.60658325051614,4.133458755781517,high_risk_target,4.278467173607315
6.0,2.0,1.0,9.0,3.0,19.449633429306573,8.0,2.0,0.9156575805171648,87.8013853592332,10.591261872966744,high_risk_target,7.4533196686210585
4.0,2.0,1.0,7.0,2.0,9.01199310742515,8.0,4.0,0.882764406039596,58.53272038701229,0.8027877633082037,medium_risk_messy,0.9029769649498928
1.0,0.0,0.0,1.0,3.0,7.324424787196635,2.0,1.0,0.9215042779521919,10.423732517357818,17.726633164947316,low_risk_casual,-0.6611835704323683
7.0,4.0,0.0,11.0,2.0,17.56364503063015,8.0,2.0,0.9941749537478641,82.20914372267946,6.809013910872115,high_risk_target,3.9997166939267466
2.0,2.0,0.0,4.0,3.0,6.196687154769989,5.0,4.0,0.8242126421981986,45.451810372736084,7.5918182750946865,medium_risk_messy,0.2608382150186236
1.0,1.0,0.0,2.0,1.0,3.4014767477517065,2.0,3.0,0.8862695107421358,9.84926131073736,7.814051013762187,low_risk_casual,-2.6840640549306807
5.0,1.0,3.0,9.0,2.0,9.314305828669799,8.0,2.0,0.9435701554122772,89.70261736898314,4.4164983175563215,high_risk_target,3.143824769877451
7.0,3.0,1.0,11.0,1.0,14.558927957851262,10.0,2.0,0.789170763745572,79.35411122457775,16.931625517700887,high_risk_target,7.212671386961995
6.0,4.0,1.0,11.0,3.0,9.035333555832947,8.0,2.0,0.9940135380023839,61.24809700065964,17.785709241485264,high_risk_target,4.071196437180179
6.0,1.0,0.0,7.0,3.0,30.241723304546795,10.0,2.0,0.9437242316931089,66.08064607735074,2.6934963598399286,high_risk_target,7.847797874493702
3.0,0.0,0.0,3.0,0.0,4.684080939305634,2.0,4.0,0.9963669899178049,25.05089883800541,3.11852504347663,low_risk_casual,-2.7068980574997386
3.0,2.0,0.0,5.0,3.0,10.399442850341682,8.0,4.0,0.9592884495638277,44.57146138188021,6.259754283609094,medium_risk_messy,-0.42389785864787977
4.0,0.0,0.0,4.0,1.0,10.499356174074954,5.0,4.0,0.8776079783298261,49.67846132515176,12.052658425712696,medium_risk_messy,-1.17268160260012
3.0,5.0,1.0,9.0,3.0,19.042884613749184,10.0,4.0,0.6092398693696989,68.96477495546003,10.330249252491493,high_risk_target,3.368846291123642
5.0,1.0,0.0,6.0,2.0,9.924806514219865,5.0,3.0,0.6683018203984785,49.46165640464717,0.7341596560925678,medium_risk_messy,1.1397527519590458
2.0,1.0,0.0,3.0,1.0,10.629317787514282,5.0,4.0,0.7485735802586929,23.68138900385773,16.588004403978715,low_risk_casual,-3.3521087330976096
4.0,0.0,0.0,4.0,1.0,11.89265192729577,8.0,2.0,0.7410073844021821,57.65561021357729,13.371768371165594,medium_risk_messy,-2.863973522160543
1.0,1.0,0.0,2.0,2.0,23.733580278754744,8.0,4.0,0.7373777133176039,39.21880929726879,12.269855437039592,medium_risk_messy,-1.3063794032731462
4.0,2.0,0.0,6.0,2.0,8.319893581231964,8.0,3.0,0.6752593394186223,88.92528783393453,2.0569794412360953,high_risk_target,1.2466418662007617
1.0,4.0,0.0,5.0,1.0,3.8523897876645212,0.0,3.0,0.6637046777364377,17.804580161900105,2.8163843626759033,low_risk_casual,-3.598105343947493
2.0,0.0,0.0,2.0,3.0,6.0177994347872925,2.0,3.0,0.6797295435802295,26.525834136851078,1.3051037825001188,low_risk_casual,1.0190479853977088
10.0,5.0,1.0,16.0,2.0,10.607746696211844,8.0,3.0,0.6902215986414497,65.63951616228101,3.784180106115529,high_risk_target,-0.9335061374814613
2.0,1.0,1.0,4.0,0.0,8.680539142700285,8.0,3.0,0.6956707179429504,59.12184491957383,11.801867989760154,medium_risk_messy,-3.735435996319363
2.0,0.0,0.0,2.0,1.0,13.316694227826378,10.0,2.0,0.8520742276218289,68.35884999269271,16.07509895138381,high_risk_target,1.0236907621570084
1.0,0.0,0.0,1.0,5.0,7.210977455577216,2.0,3.0,0.8317622524346618,12.308943204939219,15.963416052356905,low_risk_casual,-3.1539785331843326
0.0,0.0,0.0,0.0,2.0,3.158607879195725,0.0,2.0,0.8583059802771746,2.0159129430813936,4.191569638766756,low_risk_casual,0.44094224637344537
4.0,2.0,1.0,7.0,0.0,11.738277775982331,8.0,2.0,0.753735611183411,33.72290628329047,14.76783273872115,medium_risk_messy,1.0585998678873385
0.0,2.0,0.0,2.0,3.0,19.653350124329997,5.0,3.0,0.7123749753368875,32.21073757111304,11.291429172142227,medium_risk_messy,2.7122134284206503
1.0,0.0,0.0,1.0,0.0,2.750548096571283,0.0,4.0,0.6276611362711054,11.883658951549583,6.959017228619848,low_risk_casual,-0.9286843697903002
4.0,5.0,1.0,10.0,5.0,23.728747220676624,10.0,2.0,0.6916740957724787,75.27477387628977,4.997122203216689,high_risk_target,2.812436293011427
2.0,0.0,0.0,2.0,3.0,9.257660059472727,8.0,4.0,0.6497693507628853,58.305106068997176,6.901017386441137,medium_risk_messy,-0.15969830697559192
2.0,4.0,0.0,6.0,3.0,10.547857559444147,10.0,1.0,0.6633557044747966,84.34676072187179,10.042969052739704,high_risk_target,3.7767897075908303
4.0,0.0,0.0,4.0,3.0,10.019859968444893,8.0,2.0,0.7376399056118946,31.270492424292428,19.809433446945132,medium_risk_messy,2.663270859935678
3.0,1.0,0.0,4.0,3.0,9.958865400584859,2.0,2.0,0.7004316096117381,7.124067216682372,9.993404874581069,low_risk_casual,-3.28399398890667
0.0,1.0,0.0,1.0,3.0,9.631932573286335,5.0,4.0,0.9937525250474413,22.283725042491,9.370938995829444,low_risk_casual,1.750450776966777
3.0,1.0,0.0,4.0,2.0,13.184414325910389,8.0,1.0,0.8709501386918715,39.420237758205346,14.555114346571692,medium_risk_messy,0.20902807215164226
7.0,3.0,0.0,10.0,3.0,10.268616865737172,10.0,3.0,0.7887068604599294,73.36216285733505,14.877242897719968,high_risk_target,5.81697067629294
2.0,1.0,0.0,3.0,2.0,10.354713317720837,8.0,4.0,0.6902012410083851,80.75730079858685,12.28842596446059,high_risk_target,3.2774237952281977
4.0,3.0,0.0,7.0,1.0,12.96397851287638,10.0,3.0,0.7370961654355384,67.3481713708097,4.51956769310367,high_risk_target,3.692302527041681
6.0,4.0,1.0,11.0,1.0,14.817486176462234,8.0,3.0,0.7875771373763263,74.23937169827666,5.232405545813476,high_risk_target,9.241681895898237
3.0,0.0,0.0,3.0,0.0,4.9083403612393885,2.0,2.0,0.6765172696808429,17.071397246810225,5.466591662493259,low_risk_casual,-2.9835332253124056
7.0,1.0,2.0,10.0,6.0,14.100244905966719,8.0,3.0,0.8589018045496302,33.59652214754661,7.4693714396609785,medium_risk_messy,4.354586895098131
4.0,0.0,0.0,4.0,1.0,8.225218236105675,5.0,3.0,0.6189399909307357,45.87570296239701,3.919574449833354,medium_risk_messy,2.769742187588088
3.0,1.0,0.0,4.0,1.0,0.6259826225458474,0.0,1.0,0.7124612056455719,8.13660829280527,10.42668171433469,low_risk_casual,-1.2067441215570858
2.0,4.0,0.0,6.0,4.0,8.466812128148192,8.0,2.0,0.8087309897455379,67.28992778582489,8.681527883938392,high_risk_target,4.893680388554835
2.0,0.0,0.0,2.0,2.0,8.738181739690901,5.0,4.0,0.6837525333783091,3.5918254199968134,5.855788603068888,low_risk_casual,-4.779903494767647
6.0,0.0,0.0,6.0,2.0,9.030961648149962,5.0,4.0,0.7854926943725283,40.465862903108196,2.0708714390556793,medium_risk_messy,-4.381205832802275
3.0,2.0,0.0,5.0,3.0,0.16875417840230417,0.0,2.0,0.8330489432712985,12.683470216968118,6.338580065644724,low_risk_casual,-3.4880796820637032
3.0,1.0,0.0,4.0,4.0,2.383480049147105,2.0,3.0,0.6935393476341911,20.068549252818748,1.5983021869321345,low_risk_casual,0.6111654316210471
2.0,0.0,0.0,2.0,5.0,5.956038545328976,0.0,2.0,0.7921588352809281,5.324188239224474,19.485994577092633,low_risk_casual,-3.426621800560423
1.0,2.0,0.0,3.0,3.0,7.008844712868728,2.0,1.0,0.752743050088733,20.752371378327016,13.076767796332526,low_risk_casual,-1.6496911186670522
4.0,2.0,1.0,7.0,3.0,19.151853305941223,8.0,2.0,0.9924154506724847,71.42837288021421,0.40029386345865614,high_risk_target,3.5666321841278448
3.0,5.0,0.0,8.0,1.0,10.158853829550429,10.0,4.0,0.6013515387233649,74.08945069208076,14.396606234999075,high_risk_target,4.28322406364536
2.0,6.0,1.0,9.0,4.0,16.468694804922926,10.0,1.0,0.6016101115415883,86.61425996082431,8.032903544240837,high_risk_target,7.279608432500972
2.0,1.0,0.0,3.0,2.0,15.986080171405275,5.0,4.0,0.9689798772734547,11.925669873216476,14.263285375146813,low_risk_casual,-0.26992370973827473
0.0,0.0,0.0,0.0,2.0,0.7799012695287523,0.0,2.0,0.9681084790406155,13.997786203068586,8.549877439886405,low_risk_casual,-1.6369518148237048
4.0,4.0,1.0,9.0,3.0,15.888156086333746,10.0,3.0,0.7390257124646965,75.96241712048692,0.8704037071152548,high_risk_target,3.0039487873500823
5.0,2.0,1.0,8.0,2.0,15.987530637953665,8.0,4.0,0.9828339269776876,86.40893152255623,17.974810901719565,high_risk_target,4.4623982050851705
5.0,3.0,1.0,9.0,2.0,11.051430506221054,10.0,3.0,0.8718216476429155,89.65969664742038,10.95935593587856,high_risk_target,5.818425157213094
8.0,0.0,1.0,9.0,3.0,9.657446390814416,5.0,1.0,0.7549766469420939,35.52541384453879,1.8893223587646624,medium_risk_messy,-0.851849198635132
6.0,2.0,1.0,9.0,3.0,8.379400450039487,8.0,3.0,0.975440126317891,72.22795001496544,13.256061727514716,high_risk_target,5.9120791767673895
3.0,0.0,0.0,3.0,2.0,13.42766680755511,5.0,1.0,0.8436482488853188,19.189333258076108,0.1297904277399442,low_risk_casual,-0.8186694065912439
2.0,0.0,0.0,2.0,1.0,13.333373075016587,8.0,1.0,0.782539296428099,38.05894654857428,4.108684996293701,medium_risk_messy,-0.9472909657477414
1.0,0.0,0.0,1.0,3.0,14.455489866043873,0.0,2.0,0.6974868528670105,12.473667047317594,0.44689867532582417,low_risk_casual,-2.793911608386763
3.0,7.0,1.0,11.0,0.0,11.016887617816758,10.0,3.0,0.6616624198501365,68.01621830269707,9.063468237877647,high_risk_target,5.387597427534184
1.0,1.0,0.0,2.0,1.0,14.09927732208121,2.0,1.0,0.6825546968992723,14.46829378459736,11.018252798957715,low_risk_casual,0.054140601288278134
4.0,1.0,1.0,6.0,1.0,17.25666852975851,8.0,4.0,0.8626853472039908,78.45682496897012,9.246717593268936,high_risk_target,4.614046464513759
0.0,0.0,0.0,0.0,4.0,3.5735707182081704,2.0,1.0,0.9989464726198816,21.186951127033737,19.609183417091547,low_risk_casual,-1.697300495095306
3.0,0.0,1.0,4.0,4.0,10.796144297374543,8.0,1.0,0.6450846730995635,55.260234355158275,9.738462966382206,medium_risk_messy,0.7187203260435381
4.0,2.0,1.0,7.0,1.0,9.35275825715033,8.0,4.0,0.9348398007155609,79.20394246172766,3.9847352697109106,high_risk_target,4.391607639237609
5.0,2.0,2.0,9.0,3.0,15.260171272727392,10.0,1.0,0.9644340526296195,60.96589266262011,16.261739282276395,high_risk_target,6.499876785889677
1.0,2.0,2.0,5.0,2.0,15.732125617228878,10.0,4.0,0.8614168586826136,64.8112039531558,5.819510114977309,high_risk_target,1.626246097253894
2.0,0.0,0.0,2.0,1.0,9.185298981089542,8.0,3.0,0.6429593694764529,50.92565665824225,18.998051888390695,medium_risk_messy,-0.19276940633537928
0.0,0.0,0.0,0.0,1.0,13.382516411841198,0.0,3.0,0.7606980821699914,23.793320250846627,1.4181584466368347,low_risk_casual,-3.956535653458685
3.0,1.0,0.0,4.0,1.0,4.4172816360255,2.0,2.0,0.8025006937989307,1.4525791743174488,7.26256885692144,low_risk_casual,-0.27862915726273974
3.0,2.0,0.0,5.0,0.0,5.19327247660718,5.0,1.0,0.7666876459892196,55.10474683208995,12.359460936946148,medium_risk_messy,-1.6657265503090704
4.0,2.0,1.0,7.0,1.0,12.782827388365256,8.0,1.0,0.7815760232523126,50.96512067382658,1.6690423147558686,medium_risk_messy,0.9507408677071688
3.0,1.0,1.0,5.0,3.0,6.479290974164349,5.0,3.0,0.9194452063693804,41.7594333872088,9.170975429588001,medium_risk_messy,0.5042410033054697
5.0,2.0,1.0,8.0,2.0,11.864745932811164,10.0,4.0,0.6453842006099076,73.04877319053651,1.0683334386902121,high_risk_target,8.052431917592557
2.0,1.0,0.0,3.0,3.0,1.596292740228378,0.0,2.0,0.8347677426360345,6.1584106985910205,15.212958791560514,low_risk_casual,-0.464981836365405
4.0,8.0,0.0,12.0,0.0,8.165725251809928,8.0,1.0,0.6599265144184413,61.364338539181105,8.883181446250006,high_risk_target,6.021471099214547
2.0,0.0,0.0,2.0,1.0,29.114772546617942,8.0,2.0,0.9188251532808918,59.86046389281659,1.872766548949134,medium_risk_messy,-2.0358988922703007
3.0,4.0,0.0,7.0,0.0,10.380715719978147,10.0,1.0,0.9541130841770338,72.57175195989286,15.94746537548955,high_risk_target,2.032171112306109
0.0,0.0,0.0,0.0,2.0,8.468381677463247,5.0,2.0,0.794482825958652,12.497924420818293,14.775517624150291,low_risk_casual,-3.656853563183563
1.0,1.0,0.0,2.0,1.0,3.250454448143442,2.0,2.0,0.6571313116867065,2.146164656711292,1.1108724674514114,low_risk_casual,-4.706241996008247
2.0,0.0,0.0,2.0,0.0,7.937734857355042,5.0,4.0,0.9288731623266936,17.5347462675668,15.573043021498187,low_risk_casual,-0.6545774791827128
1.0,0.0,0.0,1.0,2.0,22.56998552966361,0.0,1.0,0.6156529017935437,0.4388561761521004,6.537575795306392,low_risk_casual,-2.8345307306447873
1.0,1.0,0.0,2.0,1.0,1.5014163921594135,0.0,2.0,0.6545109219477266,20.641228990360645,0.4899346350323741,low_risk_casual,-2.1668214694931227
5.0,3.0,1.0,9.0,1.0,9.25186544681241,8.0,4.0,0.744595371986099,76.66522056981137,10.897465685714705,high_risk_target,0.24016127563795475
3.0,2.0,0.0,5.0,1.0,18.206607383616436,8.0,1.0,0.9826447416655435,31.978226641778605,14.901452291829768,medium_risk_messy,-0.4981011223993736
2.0,1.0,0.0,3.0,2.0,12.251000476227276,8.0,3.0,0.9561249963792567,45.36583430278818,15.02488060369743,medium_risk_messy,1.4858901257602397
1.0,0.0,0.0,1.0,3.0,3.724252428957069,2.0,2.0,0.6831543487677502,1.8341289003667083,10.895592307401994,low_risk_casual,-3.808742995799409
2.0,1.0,0.0,3.0,4.0,12.425261178841724,2.0,2.0,0.9840267932718548,12.110893005976777,1.3505637445175456,low_risk_casual,0.07735102619291556
2.0,0.0,0.0,2.0,1.0,14.9457139769015,5.0,1.0,0.614893041966375,0.9197847045059193,5.189760464757638,low_risk_casual,-2.3986149445340392
4.0,3.0,0.0,7.0,2.0,17.163796485230307,8.0,2.0,0.7126140160427578,59.90179203173199,1.0675098835452168,medium_risk_messy,-0.9728181773341035
4.0,5.0,1.0,10.0,4.0,18.24026817872278,8.0,1.0,0.8449611632411889,63.75032460269531,19.022163641652252,high_risk_target,5.430477226375403
6.0,2.0,0.0,8.0,1.0,7.805193970466439,5.0,2.0,0.9194712423630528,46.26509731337144,0.9289763457152311,medium_risk_messy,-0.6664519747248047
1.0,1.0,0.0,2.0,1.0,13.863223960462616,5.0,1.0,0.605634564865148,57.872127445251316,18.122151997237477,medium_risk_messy,-2.2301696141505993
6.0,1.0,0.0,7.0,1.0,10.748034645744355,8.0,3.0,0.7807434660536962,44.30716276596826,3.8482207577427863,medium_risk_messy,-1.9229436270210134
8.0,1.0,0.0,9.0,2.0,10.066017295363832,10.0,3.0,0.933695371856256,65.93563949032993,9.524656270343248,high_risk_target,4.8965744188794575
4.0,0.0,1.0,5.0,2.0,17.694906089051383,8.0,4.0,0.6140285117914129,51.27471497104393,15.834357631270565,medium_risk_messy,0.6958842339972436
0.0,2.0,0.0,2.0,4.0,3.879444051284315,0.0,3.0,0.8526944707293643,16.782063476947226,15.292992231807146,low_risk_casual,-0.5645400706150236
1.0,0.0,0.0,1.0,0.0,18.779359967900348,5.0,3.0,0.6923852017202499,16.764969526644524,7.9836152997778225,low_risk_casual,0.19449757338243634
4.0,6.0,0.0,10.0,1.0,23.90950883373619,10.0,4.0,0.660785010351286,88.36074403369598,0.762632281829454,high_risk_target,9.512788775559951
0.0,1.0,0.0,1.0,4.0,3.8032254467100217,2.0,1.0,0.9138929651456182,4.943184057356578,19.63857448700353,low_risk_casual,-4.205448078958866
1.0,0.0,0.0,1.0,2.0,6.962601696629017,5.0,4.0,0.6080997519160368,32.90676483492504,14.385756003045604,medium_risk_messy,-0.8373601276100617
2.0,0.0,0.0,2.0,3.0,7.402514326454307,5.0,4.0,0.8267276493542525,12.40850548048184,18.644553963689265,low_risk_casual,-0.14407070020144896
4.0,4.0,2.0,10.0,3.0,21.688144926233857,10.0,4.0,0.6944987870860458,60.518819273012475,18.16765094742528,high_risk_target,3.2519416356334387
4.0,0.0,1.0,5.0,2.0,17.297876882228373,5.0,2.0,0.7252036876787573,33.38731016576628,10.110918759363283,medium_risk_messy,-2.6727809816960435
9.0,0.0,2.0,11.0,1.0,12.596006538856852,8.0,4.0,0.7378692564050191,79.10830726280636,6.998570675428153,high_risk_target,7.254257569131918
1.0,0.0,0.0,1.0,2.0,5.080831872575819,5.0,1.0,0.6053821030967255,18.63403352015846,8.351252388960319,low_risk_casual,-1.8327375948216087
3.0,1.0,1.0,5.0,3.0,18.28071267432038,8.0,4.0,0.7727950369700629,37.814627371720476,1.1343027656445104,medium_risk_messy,4.199238451900329
0.0,0.0,0.0,0.0,0.0,1.127862898281822,0.0,1.0,0.9054158940365545,28.353525866620085,18.302824725099732,low_risk_casual,-2.816792659072094
5.0,2.0,0.0,7.0,1.0,8.655252605946602,8.0,4.0,0.7836949565456364,69.27980322650436,19.478815333335636,high_risk_target,1.9840644412584885
7.0,0.0,0.0,7.0,1.0,12.681305948253907,8.0,1.0,0.8255697831683853,57.00831081383075,8.049103565579392,medium_risk_messy,0.18691698353270547
2.0,0.0,0.0,2.0,1.0,3.852339086897959,0.0,1.0,0.8387841147382111,2.3405609700220964,5.817594644884387,low_risk_casual,-1.2159109922629887
7.0,0.0,0.0,7.0,1.0,21.886381401409047,8.0,4.0,0.7790001090094618,44.997238700874234,3.2804348925752658,medium_risk_messy,2.109032085982729
0.0,0.0,0.0,0.0,2.0,6.580090403237319,5.0,2.0,0.8695461575678752,23.546741839915505,0.8643987450991442,low_risk_casual,-3.0143500708056186
5.0,2.0,0.0,7.0,2.0,8.42888754431006,8.0,2.0,0.9566664142143033,32.48216054252571,9.691761663952361,medium_risk_messy,-0.4170843090012851
2.0,5.0,0.0,7.0,4.0,11.392373536943882,8.0,4.0,0.7208195461957361,71.85374654323702,14.279108464841032,high_risk_target,6.218110692488305
1.0,0.0,0.0,1.0,1.0,6.024522712700217,2.0,2.0,0.7761251903007622,17.763216404131285,12.5041664348586,low_risk_casual,0.1676412836625163
4.0,0.0,0.0,4.0,3.0,10.574144092093132,10.0,3.0,0.9536447815601672,68.23715251949224,1.9598948405942607,high_risk_target,4.9442062126599815
0.0,0.0,0.0,0.0,0.0,20.193385084403477,2.0,2.0,0.8453145575332519,12.28028891486834,16.27496591135095,low_risk_casual,-2.091421509291655
0.0,1.0,0.0,1.0,0.0,5.376976624004456,2.0,1.0,0.8095003907674121,15.80175049421367,2.281726208781949,low_risk_casual,-2.877049011209964
3.0,1.0,1.0,5.0,0.0,5.007172134728148,5.0,3.0,0.9611675892932215,30.007573634716863,18.168924113808032,medium_risk_messy,4.796898571176139
4.0,0.0,0.0,4.0,1.0,8.51559283948989,5.0,2.0,0.9316783116547661,39.07107101327815,0.13184810677878023,medium_risk_messy,1.0621702619518996
1.0,1.0,0.0,2.0,5.0,6.681447637477631,2.0,4.0,0.6721086144073504,8.126581650791243,12.5389571048351,low_risk_casual,0.4709675390061383
0.0,0.0,0.0,0.0,3.0,11.70347978750377,8.0,2.0,0.7873221949514537,42.45136481861701,8.276974891443341,medium_risk_messy,1.2742380808224552
2.0,0.0,0.0,2.0,2.0,7.152443632907502,5.0,2.0,0.8295781288802677,58.513267022703104,9.835879601253136,medium_risk_messy,0.9345283500677263
2.0,0.0,1.0,3.0,0.0,7.142353711875977,5.0,3.0,0.8861908514750716,53.66610329454241,18.064166499668108,medium_risk_messy,3.270597202633209
1.0,0.0,0.0,1.0,3.0,3.4794741050507434,0.0,1.0,0.9485429364928831,25.831228035788946,10.22885667835246,low_risk_casual,-2.227753215471482
1.0,2.0,0.0,3.0,4.0,3.860840987405283,2.0,2.0,0.9140863500500893,22.461709058899878,10.254269631859902,low_risk_casual,-1.969932148916419
2.0,1.0,1.0,4.0,3.0,7.305101070993558,5.0,1.0,0.8870147454050508,56.54980840185078,6.33075462669918,medium_risk_messy,-1.1719015374276243
4.0,1.0,0.0,5.0,3.0,11.488808105311799,8.0,2.0,0.8965579889118999,47.30369125491709,6.567147046544108,medium_risk_messy,1.0180902895942878
6.0,4.0,1.0,11.0,2.0,21.544388982686716,10.0,1.0,0.855341721954191,61.43201369036268,17.18363780221352,high_risk_target,5.001714668491929
0.0,1.0,0.0,1.0,3.0,9.240764375301211,0.0,4.0,0.9499085450013344,29.85146170223147,17.53842013820609,low_risk_casual,-0.29560097380896266
2.0,0.0,0.0,2.0,2.0,11.474609742191726,5.0,3.0,0.6249002359765817,20.45715499382315,18.442407795952743,low_risk_casual,-1.7696953711190486
5.0,0.0,1.0,6.0,3.0,6.887377680189962,5.0,3.0,0.7455208433729339,59.11626768467279,14.071701179975424,medium_risk_messy,-2.623473384490249
8.0,3.0,0.0,11.0,2.0,10.344958382130239,10.0,4.0,0.9166164025332801,65.03233218418808,17.652112474576832,high_risk_target,4.874046160371016
0.0,0.0,0.0,0.0,4.0,3.7818055804458925,0.0,4.0,0.8087491891059588,28.350657526057162,16.348953010139063,low_risk_casual,-1.0340865324318407
5.0,2.0,1.0,8.0,2.0,12.488260668343248,8.0,1.0,0.6809123070157503,86.96637121737974,6.198044546745369,high_risk_target,3.588874402090377
2.0,0.0,0.0,2.0,3.0,11.148185388984368,0.0,3.0,0.6137452116867445,26.911724051168765,16.540197632938472,low_risk_casual,-2.416050445938162
6.0,1.0,1.0,8.0,0.0,19.58799671752663,10.0,3.0,0.9744766164460841,68.05853871281398,16.206650151516712,high_risk_target,4.299018382682939
0.0,0.0,0.0,0.0,3.0,4.107091355572281,0.0,2.0,0.9879237956705414,24.37367851209337,6.826692016624365,low_risk_casual,-4.170083321671163
1.0,3.0,0.0,4.0,1.0,12.409467387551203,8.0,1.0,0.7423321514670643,58.061467821983584,13.64452753411982,medium_risk_messy,-0.18901308453816126
2.0,0.0,1.0,3.0,2.0,23.809698738492877,8.0,2.0,0.8481871892857016,45.456533888138786,15.89359136862431,medium_risk_messy,0.6435271189278027
4.0,0.0,0.0,4.0,1.0,14.793110441050557,8.0,3.0,0.6666982274503747,53.86352874532763,9.065692926753163,medium_risk_messy,-1.6529827514204694
1.0,1.0,0.0,2.0,1.0,12.212801603483058,2.0,4.0,0.8402711691820821,28.43882750254184,19.256732664856123,low_risk_casual,-3.7339469128651044
4.0,1.0,0.0,5.0,3.0,6.26432518551602,5.0,2.0,0.8741626492161284,56.68804185373184,10.680046114949986,medium_risk_messy,1.5672396610816581
2.0,1.0,0.0,3.0,1.0,10.337920499192919,5.0,2.0,0.6786931465712721,54.77566262578356,3.208354108652185,medium_risk_messy,-1.690333995680077
2.0,4.0,1.0,7.0,4.0,14.127399194781868,10.0,3.0,0.8714168119163035,62.7873498398911,17.78149833493439,high_risk_target,6.904033090658616
4.0,0.0,1.0,5.0,1.0,11.147365211744788,5.0,4.0,0.7548747905655435,48.884355418870385,13.140017732630964,medium_risk_messy,-0.24490562707549143
1.0,1.0,0.0,2.0,2.0,2.942397842903816,0.0,1.0,0.9330606009010561,25.612893060059328,15.69246567539976,low_risk_casual,1.5379257172514889
1.0,0.0,0.0,1.0,2.0,0.47734713912014287,0.0,2.0,0.8104731240419442,6.458063220985794,2.7412539194835905,low_risk_casual,-1.3018616031478651
0.0,1.0,0.0,1.0,0.0,3.168681213918943,0.0,1.0,0.996034549831633,14.727951924493963,11.15048752388532,low_risk_casual,-1.8223706675913245
6.0,4.0,1.0,11.0,2.0,8.340151156125655,8.0,2.0,0.6412148523900402,64.3012701320472,18.089275171046573,high_risk_target,4.082404985710591
3.0,1.0,2.0,6.0,3.0,8.182330882846728,8.0,1.0,0.61546535447124,75.95464084925828,2.7380281139478546,high_risk_target,3.0293173748719378
9.0,1.0,0.0,10.0,0.0,11.948106720703565,5.0,1.0,0.6679281383582938,46.311802044904944,16.00820126650207,medium_risk_messy,-1.7111511090240688
6.0,6.0,3.0,15.0,1.0,11.814001544223405,10.0,1.0,0.7485067696460284,79.08908015457166,2.9460269142378603,high_risk_target,-1.165124350286475
3.0,0.0,1.0,4.0,8.0,7.7881509113526,5.0,1.0,0.9851920992261086,32.089448097788924,7.81458112419378,medium_risk_messy,0.8028593187349241
0.0,6.0,1.0,7.0,1.0,9.560876186265395,8.0,3.0,0.6788823588924003,66.66954627642679,3.7678596480714766,high_risk_target,3.195500249071464
1.0,1.0,0.0,2.0,3.0,8.516861850253397,8.0,3.0,0.750939382655925,56.57162341263333,12.364006857291168,medium_risk_messy,2.6559423386158194
3.0,1.0,0.0,4.0,0.0,15.295542629641831,5.0,2.0,0.845603335615575,20.838668623214296,7.09449935895055,low_risk_casual,-1.9221683439653394
3.0,3.0,2.0,8.0,2.0,15.483448152071057,8.0,2.0,0.8103803458182424,32.78842399361119,5.057346006562811,medium_risk_messy,-0.9789339906839816
4.0,5.0,0.0,9.0,1.0,12.992629129078157,8.0,3.0,0.9004614814582313,76.96900354312514,15.20774764361007,high_risk_target,7.830016128571723
3.0,0.0,1.0,4.0,2.0,10.626955762901808,8.0,3.0,0.6728270046297158,47.60187235244066,19.2172563256396,medium_risk_messy,-1.2477517437164698
0.0,0.0,0.0,0.0,2.0,6.88959456558364,2.0,3.0,0.7983909866770964,10.811952153585437,19.7404616396295,low_risk_casual,-0.26178975721083275
9.0,1.0,1.0,11.0,2.0,16.323191618581895,10.0,2.0,0.9108611632917895,65.08197376897822,10.11852508984341,high_risk_target,1.9592579352912391
1.0,1.0,0.0,2.0,0.0,6.90121513350061,2.0,1.0,0.6119087629628528,12.043530228371159,10.082969794566326,low_risk_casual,-1.549621550405947
1.0,1.0,0.0,2.0,1.0,6.529117366317083,5.0,2.0,0.6070190251290601,5.0998889024400365,14.401031990702135,low_risk_casual,0.744739661872603
2.0,0.0,0.0,2.0,3.0,3.8903668099488806,0.0,4.0,0.6620374425084009,19.773405648646424,5.359928975907273,low_risk_casual,-5.042519279356521
4.0,4.0,0.0,8.0,1.0,14.02708242293771,5.0,2.0,0.9260732929171012,36.11458481149534,7.183453011186005,medium_risk_messy,-1.476850011887728
